,Name,1:30,1:29,1:28,1:27,1:26,1:25,1:24,1:23,1:22,1:21,1:20,1:19,1:18,1:17,1:16,1:15,1:14,1:13,1:12,1:11,1:10,1:9,1:8,1:7,1:6,1:5,1:4,1:3,1:2,1:1,1:0,0:59,0:58,0:57,0:56,0:55,0:54,0:53,0:52,0:51,0:50,0:49,0:48,0:47,0:46,0:45,0:44,0:43,0:42,0:41,0:40,0:39,0:38,0:37,0:36,0:35,0:34,0:33,0:32,0:31,0:30,0:29,0:28,0:27,0:26,0:25,0:24,0:23,0:22,0:21,0:20,0:19,0:18,0:17,0:16,0:15,0:14,0:13,0:12,0:11,0:10,0:9,0:8,0:7,0:6,0:5,0:4,0:3,0:2,0:1,0:0
0,リマ,0.0,0.0,0.0,0.0,0.0,0.0,技能1：もふもふアサルト,0.0,0,0,0,普通攻击,0,0,技能2：もふもふヘッドバット,0,0,0,0,普通攻击,0,0,技能2：もふもふヘッドバット,0,0,0,0,普通攻击,0,0,技能2：もふもふヘッドバット,0,0,0,0,普通攻击,0,0,技能2：もふもふヘッドバット,0,0,0,0,普通攻击,0,0,技能2：もふもふヘッドバット,0,0,0,0,普通攻击,0,0,技能2：もふもふヘッドバット,0,0,0,0,普通攻击,0,0,技能2：もふもふヘッドバット,0,0,0,0,普通攻击,0,0,技能2：もふもふヘッドバット,0,0,0,0,普通攻击,0,0,技能2：もふもふヘッドバット,0,0,0,0,普通攻击,0,0,技能2：もふもふヘッドバット,0,0,0,0
1,ミヤコ,0.0,0.0,0.0,0.0,0.0,0.0,普通攻击,0.0,0,0,普通攻击,0,技能1：う～ら～め～し～や～なの,0,0,普通攻击,0,0,技能2：おやつの時間なの,0,0,普通攻击,0,0,0,普通攻击,0,技能1：う～ら～め～し～や～なの,0,技能2：おやつの時間なの,0,0,普通攻击,0,0,普通攻击,0,0,技能1：う～ら～め～し～や～なの,技能2：おやつの時間なの,0,0,普通攻击,0,0,0,普通攻击,0,技能1：う～ら～め～し～や～なの,0,技能2：おやつの時間なの,0,0,普通攻击,0,0,普通攻击,0,0,技能1：う～ら～め～し～や～なの,技能2：おやつの時間なの,0,0,普通攻击,0,0,普通攻击,0,0,技能1：う～ら～め～し～や～なの,0,技能2：おやつの時間なの,0,0,普通攻击,0,0,普通攻击,0,0,技能1：う～ら～め～し～や～なの,技能2：おやつの時間なの,0,0,普通攻击,0,0,普通攻击,0,0,技能1：う～ら～め～し～や～なの
2,クウカ,0.0,0.0,0.0,0.0,0.0,0.0,技能1：狙うならクウカを！,0.0,0,技能2：激しいの歓迎ですう！,0,0,0,0,0,普通攻击,0,0,0,技能1：狙うならクウカを！,0,0,技能2：激しいの歓迎ですう！,0,0,0,0,普通攻击,0,0,0,普通攻击,0,0,0,技能1：狙うならクウカを！,0,0,技能2：激しいの歓迎ですう！,0,0,0,0,普通攻击,0,0,技能1：狙うならクウカを！,0,0,技能2：激しいの歓迎ですう！,0,0,0,0,普通攻击,0,0,0,0,普通攻击,0,0,技能1：狙うならクウカを！,0,0,技能2：激しいの歓迎ですう！,0,0,0,0,普通攻击,0,0,技能1：狙うならクウカを！,0,0,技能2：激しいの歓迎ですう！,0,0,0,0,普通攻击,0,0,0,0,普通攻击,0,0,技能1：狙うならクウカを！,0
3,ジュン,0.0,0.0,0.0,0.0,0.0,0.0,技能2：アーマーブレイク,0.0,0,技能1：ブレイブリカバリー,0,0,0,0,普通攻击,0,0,0,普通攻击,0,0,0,技能2：アーマーブレイク,0,0,0,普通攻击,0,0,技能1：ブレイブリカバリー,0,0,0,普通攻击,0,0,0,普通攻击,0,0,技能2：アーマーブレイク,0,0,0,普通攻击,0,0,技能1：ブレイブリカバリー,0,0,0,普通攻击,0,0,0,普通攻击,0,0,技能2：アーマーブレイク,0,0,0,普通攻击,0,0,0,技能1：ブレイブリカバリー,0,0,普通攻击,0,0,0,0,普通攻击,0,0,技能2：アーマーブレイク,0,0,0,普通攻击,0,0,技能1：ブレイブリカバリー,0,0,0,普通攻击,0,0
4,ムイミ（ニューイヤー）,0.0,0.0,0.0,0.0,0.0,0.0,技能1：どけぇー！,0.0,0,0,技能2：もらったぞ！,0,0,0,普通攻击,0,0,0,技能2：もらったぞ！,0,0,0,普通攻击,0,0,技能2：もらったぞ！,0,0,0,普通攻击,0,0,技能2：もらったぞ！,0,0,0,普通攻击,0,0,技能2：もらったぞ！,0,0,0,技能2：もらったぞ！,0,0,0,普通攻击,0,0,技能2：もらったぞ！,0,0,0,普通攻击,0,0,技能2：もらったぞ！,0,0,0,普通攻击,0,0,技能2：もらったぞ！,0,0,技能2：もらったぞ！,0,0,0,0,普通攻击,0,0,技能2：もらったぞ！,0,0,0,普通攻击,0,0,技能2：もらったぞ！,0,0,0,普通攻击,0,0,技能2：もらったぞ！,0
5,クウカ（オーエド）,0.0,0.0,0.0,0.0,0.0,0.0,技能2：妖しい桃色吐息ですぅ！,0.0,技能1：みんな昂りますよぉ！,0,普通攻击,0,0,0,普通攻击,0,技能2：妖しい桃色吐息ですぅ！,0,0,0,普通攻击,0,技能1：みんな昂りますよぉ！,0,0,0,普通攻击,0,0,0,普通攻击,0,技能2：妖しい桃色吐息ですぅ！,0,0,0,普通攻击,0,技能1：みんな昂りますよぉ！,0,0,0,普通攻击,0,0,0,普通攻击,0,技能2：妖しい桃色吐息ですぅ！,0,0,0,普通攻击,0,技能1：みんな昂りますよぉ！,0,0,0,普通攻击,0,0,0,普通攻击,0,技能2：妖しい桃色吐息ですぅ！,0,0,0,普通攻击,0,技能1：みんな昂りますよぉ！,0,0,普通攻击,0,0,0,普通攻击,0,0,技能2：妖しい桃色吐息ですぅ！,0,0,普通攻击,0,技能1：みんな昂りますよぉ！,0,0,0,普通攻击,0
6,カオリ,0.0,0.0,0.0,0.0,0.0,0.0,技能2：精神統一,0.0,0,0,技能1：正中線突き,0,0,0,普通攻击,0,0,技能1：正中線突き,0,0,0,0,0,普通攻击,0,0,0,普通攻击,0,0,技能1：正中線突き,0,0,0,普通攻击,0,0,0,技能1：正中線突き,0,0,0,普通攻击,0,0,0,普通攻击,0,0,技能1：正中線突き,0,0,0,0,普通攻击,0,0,技能1：正中線突き,0,0,0,普通攻击,0,0,0,0,普通攻击,0,0,技能1：正中線突き,0,0,0,普通攻击,0,0,技能1：正中線突き,0,0,0,0,普通攻击,0,0,0,普通攻击,0,0,技能1：正中線突き,0,0
7,サレン（クリスマス）,0.0,0.0,0.0,0.0,0.0,0.0,技能1：アメイジングギフト,0.0,0,0,普通攻击,0,0,0,技能2：ルミナスバレット,0,0,0,技能1：アメイジングギフト,0,0,普通攻击,0,0,0,技能2：ルミナスバレット,0,技能1：アメイジングギフト,0,0,0,普通攻击,0,0,0,技能2：ルミナスバレット,0,0,普通攻击,0,0,0,技能1：アメイジングギフト,0,0,0,普通攻击,0,0,技能2：ルミナスバレット,0,0,技能1：アメイジングギフト,0,0,普通攻击,0,0,0,技能2：ルミナスバレット,0,0,0,普通攻击,0,0,技能1：アメイジングギフト,0,0,0,普通攻击,0,0,技能2：ルミナスバレット,0,0,技能1：アメイジングギフト,0,0,0,普通攻击,0,0,技能2：ルミナスバレット,0,0,0,普通攻击,0,0,技能1：アメイジングギフト
8,ツムギ（ハロウィン）,0.0,0.0,0.0,0.0,0.0,0.0,技能2：フィアーアテンション,0.0,0,0,技能1：テーラードハロウィン,0,0,0,普通攻击,0,0,技能2：フィアーアテンション,0,0,0,0,技能1：テーラードハロウィン,0,0,0,普通攻击,0,0,0,技能2：フィアーアテンション,0,0,0,普通攻击,0,0,技能1：テーラードハロウィン,0,0,0,0,普通攻击,0,0,技能2：フィアーアテンション,0,0,技能1：テーラードハロウィン,0,0,0,0,普通攻击,0,0,技能2：フィアーアテンション,0,0,0,普通攻击,0,0,0,技能1：テーラードハロウィン,0,0,0,普通攻击,0,0,0,技能2：フィアーアテンション,0,0,技能1：テーラードハロウィン,0,0,0,普通攻击,0,0,0,技能2：フィアーアテンション,0,0,0,普通攻击,0,0,0
9,レイ（ニューイヤー）,0.0,0.0,0.0,0.0,0.0,0.0,技能1：雪崩返し,0.0,0,0,技能2：白銀冬仕度,0,0,0,技能1：雪崩返し,0,0,0,0,普通攻击,0,0,技能2：白銀冬仕度,0,0,普通攻击,0,0,0,技能1：雪崩返し,0,0,0,0,普通攻击,0,0,技能2：白銀冬仕度,0,0,普通攻击,0,0,0,技能1：雪崩返し,0,0,0,0,普通攻击,0,0,技能2：白銀冬仕度,0,0,0,普通攻击,0,0,技能1：雪崩返し,0,0,0,0,普通攻击,0,0,技能2：白銀冬仕度,0,0,0,普通攻击,0,0,技能1：雪崩返し,0,0,0,0,普通攻击,0,0,技能2：白銀冬仕度,0,0,0,普通攻击,0,0,技能1：雪崩返し,0
10,リン（デレマス）,0.0,0.0,0.0,0.0,0.0,0.0,技能2：アウィン・ジャッジメント,0.0,0,技能1：ラズール・レオ,0,0,0,普通攻击,0,0,0,0,技能2：アウィン・ジャッジメント,0,0,0,普通攻击,0,0,技能1：ラズール・レオ,0,0,0,普通攻击,0,0,技能2：アウィン・ジャッジメント,0,0,0,普通攻击,0,0,技能1：ラズール・レオ,0,0,0,普通攻击,0,0,0,技能2：アウィン・ジャッジメント,0,0,普通攻击,0,0,0,技能1：ラズール・レオ,0,0,0,普通攻击,0,0,技能2：アウィン・ジャッジメント,0,0,0,普通攻击,0,0,技能1：ラズール・レオ,0,0,0,普通攻击,0,0,0,技能2：アウィン・ジャッジメント,0,0,普通攻击,0,0,0,技能1：ラズール・レオ,0,0,0,普通攻击,0,0,技能2：アウィン・ジャッジメント
11,ペコリーヌ,0.0,0.0,0.0,0.0,0.0,0.0,技能2：フォールスラッシュ,0.0,0,0,技能1：ランチタイム,0,0,0,0,普通攻击,0,0,0,普通攻击,0,0,0,技能2：フォールスラッシュ,0,0,0,普通攻击,0,0,0,技能1：ランチタイム,0,0,普通攻击,0,0,0,0,普通攻击,0,0,技能2：フォールスラッシュ,0,0,0,0,普通攻击,0,0,技能1：ランチタイム,0,0,0,普通攻击,0,0,0,普通攻击,0,0,技能2：フォールスラッシュ,0,0,0,0,普通攻击,0,0,技能1：ランチタイム,0,0,0,普通攻击,0,0,0,普通攻击,0,0,0,技能2：フォールスラッシュ,0,0,0,普通攻击,0,0,0,技能1：ランチタイム,0
12,ペコリーヌ（プリンセス）,0.0,0.0,0.0,0.0,0.0,0.0,技能1：オニギリタイム,0.0,0,技能2：ロイヤルスラッシュ,0,0,0,0,普通攻击,0,0,技能2：ロイヤルスラッシュ,0,0,普通攻击,0,0,技能1：オニギリタイム,0,0,技能2：ロイヤルスラッシュ,0,0,0,普通攻击,0,0,技能1：オニギリタイム,0,0,0,普通攻击,0,0,技能2：ロイヤルスラッシュ,0,技能1：オニギリタイム,0,0,0,普通攻击,0,0,技能2：ロイヤルスラッシュ,0,0,0,普通攻击,0,0,技能1：オニギリタイム,0,技能2：ロイヤルスラッシュ,0,0,0,普通攻击,0,0,技能1：オニギリタイム,0,0,0,普通攻击,0,0,技能2：ロイヤルスラッシュ,0,技能1：オニギリタイム,0,0,0,普通攻击,0,0,技能2：ロイヤルスラッシュ,0,0,0,普通攻击,0,0,技能1：オニギリタイム,0,0
13,ルカ,0.0,0.0,0.0,0.0,0.0,0.0,技能1：一の太刀・雫薙ぎ,0.0,0,0,技能2：海内無双の型,0,0,0,0,普通攻击,0,0,技能1：一の太刀・雫薙ぎ,0,0,技能2：海内無双の型,0,0,0,普通攻击,0,0,0,普通攻击,0,0,技能1：一の太刀・雫薙ぎ,0,0,技能2：海内無双の型,0,0,0,普通攻击,0,0,技能1：一の太刀・雫薙ぎ,0,0,技能2：海内無双の型,0,0,0,普通攻击,0,0,0,普通攻击,0,0,技能1：一の太刀・雫薙ぎ,0,0,技能2：海内無双の型,0,0,0,普通攻击,0,0,技能1：一の太刀・雫薙ぎ,0,0,技能2：海内無双の型,0,0,0,普通攻击,0,0,0,普通攻击,0,0,技能1：一の太刀・雫薙ぎ,0,0,技能2：海内無双の型,0,0,0,普通攻击,0,0,技能1：一の太刀・雫薙ぎ
14,コッコロ（ニューイヤー）,0.0,0.0,0.0,0.0,0.0,0.0,技能2：ブレッシングスピリット,0.0,0,技能1：スピリットウォール,0,0,0,普通攻击,0,0,0,普通攻击,0,0,技能2：ブレッシングスピリット,0,0,普通攻击,0,0,技能1：スピリットウォール,0,0,普通攻击,0,0,技能2：ブレッシングスピリット,0,0,0,普通攻击,0,技能1：スピリットウォール,0,0,0,普通攻击,0,0,普通攻击,0,0,技能2：ブレッシングスピリット,0,0,0,普通攻击,0,技能1：スピリットウォール,0,0,0,普通攻击,0,技能2：ブレッシングスピリット,0,0,0,普通攻击,0,0,技能1：スピリットウォール,0,0,普通攻击,0,0,0,普通攻击,0,技能2：ブレッシングスピリット,0,0,0,普通攻击,0,0,技能1：スピリットウォール,0,0,普通攻击,0,0,技能2：ブレッシングスピリット,0
15,ノゾミ,0.0,0.0,0.0,0.0,0.0,0.0,技能2：アイドルエール,0.0,0,0,技能1：クレールスラッシュ,0,0,0,0,普通攻击,0,0,0,普通攻击,0,0,技能2：アイドルエール,0,0,0,0,普通攻击,0,0,技能1：クレールスラッシュ,0,0,0,普通攻击,0,0,技能1：クレールスラッシュ,0,0,0,普通攻击,0,0,0,普通攻击,0,0,技能2：アイドルエール,0,0,0,0,普通攻击,0,技能1：クレールスラッシュ,0,0,0,0,普通攻击,0,0,技能1：クレールスラッシュ,0,0,0,普通攻击,0,0,0,普通攻击,0,0,技能2：アイドルエール,0,0,0,普通攻击,0,0,技能1：クレールスラッシュ,0,0,0,普通攻击,0,0,技能1：クレールスラッシュ,0,0
16,ムイミ,0.0,0.0,0.0,0.0,0.0,0.0,技能2：こっちだこっち！,0.0,0,技能1：ビビらせてやる！,0,0,0,普通攻击,0,技能2：こっちだこっち！,0,0,普通攻击,0,0,技能1：ビビらせてやる！,0,0,普通攻击,0,0,技能2：こっちだこっち！,0,技能1：ビビらせてやる！,0,0,普通攻击,0,0,技能2：こっちだこっち！,0,0,普通攻击,0,技能1：ビビらせてやる！,0,0,普通攻击,0,0,技能2：こっちだこっち！,0,技能1：ビビらせてやる！,0,0,普通攻击,0,0,技能2：こっちだこっち！,0,0,普通攻击,0,0,技能1：ビビらせてやる！,0,0,普通攻击,0,技能2：こっちだこっち！,0,0,技能1：ビビらせてやる！,0,0,普通攻击,0,技能2：こっちだこっち！,0,0,普通攻击,0,0,技能1：ビビらせてやる！,0,0,普通攻击,0,0,技能2：こっちだこっち！,0,技能1：ビビらせてやる！,0,0,普通攻击
17,マコト,0.0,0.0,0.0,0.0,0.0,0.0,技能2：ブレイブハウリング,0.0,0,0,0,技能1：ハードスラッシュ,0,0,0,0,普通攻击,0,0,0,普通攻击,0,0,技能2：ブレイブハウリング,0,0,0,0,普通攻击,0,0,0,技能1：ハードスラッシュ,0,0,0,普通攻击,0,0,0,普通攻击,0,0,技能2：ブレイブハウリング,0,0,0,0,普通攻击,0,0,0,技能1：ハードスラッシュ,0,0,0,普通攻击,0,0,0,普通攻击,0,0,技能2：ブレイブハウリング,0,0,0,0,普通攻击,0,0,0,技能1：ハードスラッシュ,0,0,0,普通攻击,0,0,0,普通攻击,0,0,技能2：ブレイブハウリング,0,0,0,0,普通攻击,0,0
18,カヤ,0.0,0.0,0.0,0.0,0.0,0.0,技能2：ドラゴライズスタンス,0.0,0,技能1：ドラゴニックスマッシュ,0,0,技能1：ドラゴニックスマッシュ,0,技能2：ドラゴライズスタンス,0,0,0,普通攻击,0,0,技能1：ドラゴニックスマッシュ,0,0,技能2：ドラゴライズスタンス,0,0,0,技能1：ドラゴニックスマッシュ,0,0,普通攻击,0,0,0,技能2：ドラゴライズスタンス,0,0,普通攻击,0,0,0,技能1：ドラゴニックスマッシュ,0,0,普通攻击,0,0,0,0,普通攻击,0,0,技能2：ドラゴライズスタンス,0,0,0,普通攻击,0,0,技能1：ドラゴニックスマッシュ,0,0,0,普通攻击,0,0,技能2：ドラゴライズスタンス,0,0,0,普通攻击,0,0,技能1：ドラゴニックスマッシュ,0,0,0,普通攻击,0,0,0,普通攻击,0,0,技能2：ドラゴライズスタンス,0,0,0,普通攻击,0
19,ヒヨリ（ニューイヤー）,0.0,0.0,0.0,0.0,0.0,0.0,技能1：肉球チャージ,0.0,0,技能2：グッドラックパンチ,0,0,0,0,0,普通攻击,0,0,技能2：グッドラックパンチ,0,0,技能1：肉球チャージ,0,0,0,普通攻击,0,0,技能2：グッドラックパンチ,0,0,0,0,普通攻击,0,0,技能1：肉球チャージ,0,0,0,普通攻击,0,0,0,普通攻击,0,0,0,技能2：グッドラックパンチ,0,0,0,普通攻击,0,0,0,普通攻击,0,0,技能2：グッドラックパンチ,0,0,技能1：肉球チャージ,0,0,0,普通攻击,0,0,0,技能2：グッドラックパンチ,0,0,0,普通攻击,0,0,技能1：肉球チャージ,0,0,0,普通攻击,0,0,0,0,普通攻击,0,0,技能2：グッドラックパンチ,0
20,ニノン（オーエド）,0.0,0.0,0.0,0.0,0.0,0.0,技能2：忍法・影分身の術,0.0,0,技能1：忍法・チュバメ返し,0,0,普通攻击,0,0,0,技能2：忍法・影分身の術,0,0,技能1：忍法・チュバメ返し,0,0,普通攻击,0,0,技能1：忍法・チュバメ返し,0,技能2：忍法・影分身の術,0,0,技能1：忍法・チュバメ返し,0,0,普通攻击,0,0,技能1：忍法・チュバメ返し,0,技能2：忍法・影分身の術,0,0,技能1：忍法・チュバメ返し,0,0,普通攻击,0,0,技能1：忍法・チュバメ返し,0,技能2：忍法・影分身の術,0,0,技能1：忍法・チュバメ返し,0,0,普通攻击,0,0,技能1：忍法・チュバメ返し,0,技能2：忍法・影分身の術,0,0,技能1：忍法・チュバメ返し,0,0,普通攻击,0,0,技能1：忍法・チュバメ返し,0,技能2：忍法・影分身の術,0,0,技能1：忍法・チュバメ返し,0,0,普通攻击,0,0,技能1：忍法・チュバメ返し,0,技能2：忍法・影分身の術,0,0,技能1：忍法・チュバメ返し,0,0,普通攻击,0,0
21,アキノ,0.0,0.0,0.0,0.0,0.0,0.0,技能1：プラウドスラッシュ,0.0,0,0,技能2：ヒーリングジュエル,0,0,0,0,0,普通攻击,0,0,0,普通攻击,0,0,技能1：プラウドスラッシュ,0,0,0,0,普通攻击,0,0,技能2：ヒーリングジュエル,0,0,0,0,普通攻击,0,0,0,普通攻击,0,0,技能1：プラウドスラッシュ,0,0,0,0,普通攻击,0,0,技能2：ヒーリングジュエル,0,0,0,0,普通攻击,0,0,0,普通攻击,0,0,技能1：プラウドスラッシュ,0,0,0,0,普通攻击,0,0,技能2：ヒーリングジュエル,0,0,0,0,普通攻击,0,0,0,普通攻击,0,0,技能1：プラウドスラッシュ,0,0,0,0,普通攻击,0,0
22,マコト（サマー）,0.0,0.0,0.0,0.0,0.0,0.0,技能2：ブルーハウリング,0.0,0,技能1：アクアクロッシング,0,0,0,0,普通攻击,0,0,0,普通攻击,0,0,0,技能2：ブルーハウリング,0,0,普通攻击,0,0,0,技能1：アクアクロッシング,0,0,普通攻击,0,0,0,0,普通攻击,0,0,技能2：ブルーハウリング,0,0,0,普通攻击,0,0,技能1：アクアクロッシング,0,0,0,普通攻击,0,0,0,普通攻击,0,0,技能2：ブルーハウリング,0,0,0,普通攻击,0,0,技能1：アクアクロッシング,0,0,0,普通攻击,0,0,0,普通攻击,0,0,技能2：ブルーハウリング,0,0,0,普通攻击,0,0,技能1：アクアクロッシング,0,0,0,普通攻击,0,0,0
23,ジュン（サマー）,0.0,0.0,0.0,0.0,0.0,0.0,技能2：サンライトブレイク,0.0,0,技能1：ヒートスパイク,0,0,0,0,普通攻击,0,0,技能2：サンライトブレイク,0,技能1：ヒートスパイク,0,0,0,普通攻击,0,0,技能2：サンライトブレイク,0,0,技能1：ヒートスパイク,0,0,普通攻击,0,0,技能2：サンライトブレイク,0,0,0,普通攻击,0,0,技能1：ヒートスパイク,0,0,技能2：サンライトブレイク,0,0,普通攻击,0,0,技能2：サンライトブレイク,0,0,技能1：ヒートスパイク,0,0,0,普通攻击,0,0,技能2：サンライトブレイク,0,技能1：ヒートスパイク,0,0,0,普通攻击,0,0,技能2：サンライトブレイク,0,0,0,普通攻击,0,0,技能1：ヒートスパイク,0,技能2：サンライトブレイク,0,0,0,普通攻击,0,0,技能2：サンライトブレイク,0,0,技能1：ヒートスパイク,0
24,マツリ,0.0,0.0,0.0,0.0,0.0,0.0,技能2：タイガースピン,0.0,0,0,技能1：タイガーショック,0,0,0,0,普通攻击,0,0,0,普通攻击,0,0,0,技能2：タイガースピン,0,0,0,普通攻击,0,0,技能1：タイガーショック,0,0,0,普通攻击,0,0,0,0,普通攻击,0,0,技能2：タイガースピン,0,0,0,0,普通攻击,0,0,技能1：タイガーショック,0,0,0,普通攻击,0,0,0,普通攻击,0,0,技能2：タイガースピン,0,0,0,0,普通攻击,0,0,技能1：タイガーショック,0,0,0,普通攻击,0,0,0,普通攻击,0,0,技能2：タイガースピン,0,0,0,0,普通攻击,0,0,技能1：タイガーショック,0,0
25,クロエ,0.0,0.0,0.0,0.0,0.0,0.0,技能1：紫紺の黄昏,0.0,0,0,技能2：白銀の月影,0,0,0,普通攻击,0,0,0,普通攻击,0,0,0,技能2：白銀の月影,0,0,普通攻击,0,0,0,技能2：白銀の月影,0,0,普通攻击,0,0,0,0,普通攻击,0,0,技能2：白銀の月影,0,0,0,普通攻击,0,0,技能2：白銀の月影,0,0,普通攻击,0,0,0,0,普通攻击,0,0,技能2：白銀の月影,0,0,0,普通攻击,0,0,技能2：白銀の月影,0,0,0,普通攻击,0,0,0,普通攻击,0,0,技能2：白銀の月影,0,0,0,普通攻击,0,0,技能2：白銀の月影,0,0,0,普通攻击,0,0,0
26,マツリ（ハロウィン）,0.0,0.0,0.0,0.0,0.0,0.0,技能2：ナイトメアタイガー,0.0,0,0,0,普通攻击,0,0,技能1：ホロウタイガークロー,0,0,0,技能2：ナイトメアタイガー,0,0,0,0,普通攻击,0,0,0,0,普通攻击,0,0,0,技能1：ホロウタイガークロー,0,0,技能2：ナイトメアタイガー,0,0,0,普通攻击,0,0,0,技能1：ホロウタイガークロー,0,0,0,0,普通攻击,0,0,0,普通攻击,0,0,0,技能1：ホロウタイガークロー,0,0,技能2：ナイトメアタイガー,0,0,0,0,普通攻击,0,0,技能1：ホロウタイガークロー,0,0,0,0,普通攻击,0,0,0,普通攻击,0,0,0,技能1：ホロウタイガークロー,0,0,技能2：ナイトメアタイガー,0,0,0,0,普通攻击,0,0
27,エリコ（バレンタイン）,0.0,0.0,0.0,0.0,0.0,0.0,技能2：スウィートサクリファイス,0.0,0,技能1：ヘヴィミキシング,0,0,0,0,普通攻击,0,0,0,普通攻击,0,0,技能2：スウィートサクリファイス,0,0,0,普通攻击,0,0,技能1：ヘヴィミキシング,0,0,普通攻击,0,0,0,普通攻击,0,0,技能2：スウィートサクリファイス,0,0,0,普通攻击,0,0,技能1：ヘヴィミキシング,0,0,0,普通攻击,0,0,普通攻击,0,0,技能2：スウィートサクリファイス,0,0,0,普通攻击,0,0,技能1：ヘヴィミキシング,0,0,0,普通攻击,0,0,0,普通攻击,0,技能2：スウィートサクリファイス,0,0,0,普通攻击,0,0,技能1：ヘヴィミキシング,0,0,0,普通攻击,0,0,0,普通攻击,0,0,技能2：スウィートサクリファイス
28,アキノ（クリスマス）,0.0,0.0,0.0,0.0,0.0,0.0,技能1：ホーリープライズ,0.0,0,技能2：ブリリアントスラッシュ,0,0,普通攻击,0,0,0,技能2：ブリリアントスラッシュ,0,0,0,普通攻击,0,0,技能2：ブリリアントスラッシュ,0,0,普通攻击,0,0,技能2：ブリリアントスラッシュ,0,0,普通攻击,0,0,技能2：ブリリアントスラッシュ,0,0,技能2：ブリリアントスラッシュ,0,0,普通攻击,0,0,技能2：ブリリアントスラッシュ,0,0,0,普通攻击,0,0,技能2：ブリリアントスラッシュ,0,0,普通攻击,0,0,技能2：ブリリアントスラッシュ,0,技能2：ブリリアントスラッシュ,0,0,0,普通攻击,0,0,技能2：ブリリアントスラッシュ,0,0,普通攻击,0,0,技能2：ブリリアントスラッシュ,0,0,0,普通攻击,0,0,技能2：ブリリアントスラッシュ,0,技能2：ブリリアントスラッシュ,0,0,普通攻击,0,0,技能2：ブリリアントスラッシュ,0,0,0
29,アヤネ（クリスマス）,0.0,0.0,0.0,0.0,0.0,0.0,技能1：ぷうきちエール,0.0,0,技能2：ぷうきちラッシュ,0,0,0,普通攻击,0,技能1：ぷうきちエール,0,0,技能2：ぷうきちラッシュ,0,0,普通攻击,0,技能1：ぷうきちエール,0,0,技能2：ぷうきちラッシュ,0,0,普通攻击,0,技能1：ぷうきちエール,0,0,技能2：ぷうきちラッシュ,0,0,普通攻击,0,技能1：ぷうきちエール,0,技能2：ぷうきちラッシュ,0,0,0,普通攻击,0,技能1：ぷうきちエール,0,技能2：ぷうきちラッシュ,0,0,0,普通攻击,0,技能1：ぷうきちエール,0,技能2：ぷうきちラッシュ,0,0,0,普通攻击,0,技能1：ぷうきちエール,0,技能2：ぷうきちラッシュ,0,0,0,普通攻击,0,技能1：ぷうきちエール,0,技能2：ぷうきちラッシュ,0,0,0,普通攻击,0,技能1：ぷうきちエール,0,技能2：ぷうきちラッシュ,0,0,普通攻击,0,0,技能1：ぷうきちエール,0,技能2：ぷうきちラッシュ,0
30,ルカ（サマー）,0.0,0.0,0.0,0.0,0.0,0.0,技能1：始の太刀・暁けの水無月,0.0,0,普通攻击,0,0,普通攻击,技能1：始の太刀・暁けの水無月,0,0,普通攻击,0,技能2：継の太刀・薫風そよぐ,0,0,技能1：始の太刀・暁けの水無月,0,普通攻击,0,技能2：継の太刀・薫風そよぐ,0,0,普通攻击,0,技能1：始の太刀・暁けの水無月,0,普通攻击,0,技能2：継の太刀・薫風そよぐ,0,技能1：始の太刀・暁けの水無月,0,0,普通攻击,技能2：継の太刀・薫風そよぐ,0,0,普通攻击,0,技能1：始の太刀・暁けの水無月,0,0,普通攻击,0,技能2：継の太刀・薫風そよぐ,0,技能1：始の太刀・暁けの水無月,0,普通攻击,0,技能2：継の太刀・薫風そよぐ,0,0,普通攻击,0,技能1：始の太刀・暁けの水無月,0,普通攻击,0,技能2：継の太刀・薫風そよぐ,0,技能1：始の太刀・暁けの水無月,0,0,普通攻击,技能2：継の太刀・薫風そよぐ,0,0,普通攻击,0,技能1：始の太刀・暁けの水無月,0,0,普通攻击,0,技能2：継の太刀・薫風そよぐ,0,技能1：始の太刀・暁けの水無月,0,普通攻击,0,技能2：継の太刀・薫風そよぐ,0,0,普通攻击
31,ツムギ,0.0,0.0,0.0,0.0,0.0,0.0,技能1：キャプチャーストリング,0.0,0,0,0,普通攻击,0,0,0,技能2：スパイラルヤーン,0,0,0,0,0,普通攻击,0,0,0,0,普通攻击,0,0,0,技能2：スパイラルヤーン,0,0,0,普通攻击,0,0,0,0,普通攻击,0,0,0,技能2：スパイラルヤーン,0,0,0,0,普通攻击,0,0,技能1：キャプチャーストリング,0,0,0,0,普通攻击,0,0,0,0,普通攻击,0,0,0,技能2：スパイラルヤーン,0,0,0,0,普通攻击,0,0,0,普通攻击,0,0,0,技能2：スパイラルヤーン,0,0,0,0,普通攻击,0,0,技能1：キャプチャーストリング,0,0,0,0
32,イノリ,0.0,0.0,0.0,0.0,0.0,0.0,技能1：ドラゴニックピコハン,0.0,0,技能2：ドラゴンファイア,0,0,普通攻击,0,0,普通攻击,0,0,技能1：ドラゴニックピコハン,0,0,普通攻击,0,技能2：ドラゴンファイア,0,0,普通攻击,0,技能2：ドラゴンファイア,0,0,普通攻击,0,0,普通攻击,0,0,技能1：ドラゴニックピコハン,0,普通攻击,0,0,技能2：ドラゴンファイア,0,0,普通攻击,0,技能2：ドラゴンファイア,0,0,普通攻击,0,0,普通攻击,0,技能1：ドラゴニックピコハン,0,0,普通攻击,0,0,技能2：ドラゴンファイア,0,0,普通攻击,0,技能2：ドラゴンファイア,0,0,普通攻击,0,0,普通攻击,0,技能1：ドラゴニックピコハン,0,0,普通攻击,0,技能2：ドラゴンファイア,0,0,普通攻击,0,0,技能2：ドラゴンファイア,0,0,普通攻击,0,0
33,ヒヨリ（プリンセス）,0.0,0.0,0.0,0.0,0.0,0.0,技能1：トゥインクルブレイブ,0.0,0,0,普通攻击,0,技能1：トゥインクルブレイブ,0,0,技能2：バーニングサンライズ,0,技能1：トゥインクルブレイブ,0,技能2：バーニングサンライズ,0,0,普通攻击,0,0,技能1：トゥインクルブレイブ,0,技能2：バーニングサンライズ,0,0,普通攻击,0,0,技能1：トゥインクルブレイブ,0,技能2：バーニングサンライズ,0,0,普通攻击,0,0,普通攻击,0,技能1：トゥインクルブレイブ,0,0,技能2：バーニングサンライズ,0,技能1：トゥインクルブレイブ,0,技能2：バーニングサンライズ,0,0,普通攻击,0,0,技能1：トゥインクルブレイブ,0,技能2：バーニングサンライズ,0,0,普通攻击,0,技能1：トゥインクルブレイブ,0,0,技能2：バーニングサンライズ,0,0,普通攻击,0,0,普通攻击,0,技能1：トゥインクルブレイブ,0,技能2：バーニングサンライズ,0,0,技能1：トゥインクルブレイブ,0,技能2：バーニングサンライズ,0,0,普通攻击,0,技能1：トゥインクルブレイブ,0,0,技能2：バーニングサンライズ,0
34,ヒヨリ,0.0,0.0,0.0,0.0,0.0,0.0,技能2：キャットコンビネーション,0.0,0,0,技能1：キャットストライク,0,0,0,0,0,普通攻击,0,0,0,普通攻击,0,0,0,技能2：キャットコンビネーション,0,0,0,0,普通攻击,0,0,技能1：キャットストライク,0,0,0,0,普通攻击,0,0,0,普通攻击,0,0,0,技能2：キャットコンビネーション,0,0,0,普通攻击,0,0,0,技能1：キャットストライク,0,0,0,普通攻击,0,0,0,0,普通攻击,0,0,技能2：キャットコンビネーション,0,0,0,0,普通攻击,0,0,0,技能1：キャットストライク,0,0,0,普通攻击,0,0,0,0,普通攻击,0,0,技能2：キャットコンビネーション,0,0,0,0
35,ミソギ,0.0,0.0,0.0,0.0,0.0,0.0,技能2：ウォーターバルーン,0.0,0,0,技能1：インクシューター,0,0,0,0,0,普通攻击,0,0,0,普通攻击,0,0,技能1：インクシューター,0,0,0,0,普通攻击,0,0,技能1：インクシューター,0,0,0,0,普通攻击,0,0,0,0,普通攻击,0,0,技能1：インクシューター,0,0,0,0,普通攻击,0,0,技能1：インクシューター,0,0,0,0,普通攻击,0,0,0,普通攻击,0,0,技能1：インクシューター,0,0,0,0,普通攻击,0,0,技能1：インクシューター,0,0,0,0,普通攻击,0,0,0,普通攻击,0,0,0,技能1：インクシューター,0,0,0,0,普通攻击
36,アヤネ,0.0,0.0,0.0,0.0,0.0,0.0,技能2：ぷうきちハリケーン,0.0,0,技能1：ぷうきちブレイク,0,0,0,普通攻击,0,0,普通攻击,0,技能2：ぷうきちハリケーン,0,0,普通攻击,0,技能1：ぷうきちブレイク,0,0,普通攻击,0,0,普通攻击,0,技能2：ぷうきちハリケーン,0,0,普通攻击,0,技能1：ぷうきちブレイク,0,0,0,普通攻击,0,普通攻击,0,0,技能2：ぷうきちハリケーン,0,普通攻击,0,0,技能1：ぷうきちブレイク,0,0,普通攻击,0,0,普通攻击,0,技能2：ぷうきちハリケーン,0,0,普通攻击,0,技能1：ぷうきちブレイク,0,0,普通攻击,0,0,普通攻击,0,技能2：ぷうきちハリケーン,0,0,普通攻击,0,技能1：ぷうきちブレイク,0,0,0,普通攻击,0,0,普通攻击,0,技能2：ぷうきちハリケーン,0,0,普通攻击,0,技能1：ぷうきちブレイク
37,ミソギ（ハロウィン）,0.0,0.0,0.0,0.0,0.0,0.0,技能1：ペインティングキック,0.0,0,技能2：びっくりパンプキン,0,0,0,0,普通攻击,0,0,技能1：ペインティングキック,0,0,技能2：びっくりパンプキン,0,0,0,普通攻击,0,0,技能1：ペインティングキック,0,技能2：びっくりパンプキン,0,0,0,普通攻击,0,0,技能1：ペインティングキック,0,0,0,普通攻击,0,0,技能2：びっくりパンプキン,0,0,0,普通攻击,0,0,技能1：ペインティングキック,0,0,技能2：びっくりパンプキン,0,0,0,普通攻击,0,0,技能1：ペインティングキック,0,0,技能2：びっくりパンプキン,0,0,普通攻击,0,0,0,技能1：ペインティングキック,0,0,普通攻击,0,0,0,技能2：びっくりパンプキン,0,0,普通攻击,0,0,0,技能1：ペインティングキック,0,技能2：びっくりパンプキン,0,0,0,普通攻击
38,タマキ,0.0,0.0,0.0,0.0,0.0,0.0,技能1：ねこねこスローイング,0.0,0,0,技能2：猫の気まぐれ,0,0,0,0,0,普通攻击,0,0,0,普通攻击,0,0,0,技能1：ねこねこスローイング,0,0,0,普通攻击,0,0,0,技能2：猫の気まぐれ,0,0,0,0,普通攻击,0,0,0,普通攻击,0,0,技能1：ねこねこスローイング,0,0,0,0,普通攻击,0,0,技能2：猫の気まぐれ,0,0,0,0,普通攻击,0,0,0,0,普通攻击,0,0,技能1：ねこねこスローイング,0,0,0,0,普通攻击,0,0,技能2：猫の気まぐれ,0,0,0,0,普通攻击,0,0,0,普通攻击,0,0,0,技能1：ねこねこスローイング,0,0,0,普通攻击
39,トモ,0.0,0.0,0.0,0.0,0.0,0.0,技能2：ミクマ流剣術・燕返し,0.0,0,0,技能1：ミクマ流剣術・陣風,0,0,0,0,普通攻击,0,0,技能2：ミクマ流剣術・燕返し,0,0,技能1：ミクマ流剣術・陣風,0,0,0,普通攻击,0,0,技能2：ミクマ流剣術・燕返し,0,0,技能1：ミクマ流剣術・陣風,0,0,技能1：ミクマ流剣術・陣風,0,0,0,普通攻击,0,0,0,普通攻击,0,技能2：ミクマ流剣術・燕返し,0,0,0,技能1：ミクマ流剣術・陣風,0,0,0,普通攻击,0,0,技能2：ミクマ流剣術・燕返し,0,0,技能1：ミクマ流剣術・陣風,0,0,技能1：ミクマ流剣術・陣風,0,0,0,普通攻击,0,0,普通攻击,0,0,技能2：ミクマ流剣術・燕返し,0,0,0,技能1：ミクマ流剣術・陣風,0,0,0,普通攻击,0,0,技能2：ミクマ流剣術・燕返し,0,0,技能1：ミクマ流剣術・陣風,0,0,技能1：ミクマ流剣術・陣風,0,0
40,チエル,0.0,0.0,0.0,0.0,0.0,0.0,技能1：ちぇるうぃ☆だんす？,0.0,0,0,0,普通攻击,0,0,技能2：きゃすと☆あ☆ちぇるーん,0,0,0,0,0,普通攻击,0,0,0,0,普通攻击,0,0,技能2：きゃすと☆あ☆ちぇるーん,0,0,0,普通攻击,0,0,0,0,普通攻击,0,0,技能2：きゃすと☆あ☆ちぇるーん,0,0,0,0,普通攻击,0,0,0,0,普通攻击,0,0,技能2：きゃすと☆あ☆ちぇるーん,0,0,0,普通攻击,0,0,0,0,普通攻击,0,0,技能2：きゃすと☆あ☆ちぇるーん,0,0,0,0,普通攻击,0,0,0,普通攻击,0,0,0,技能2：きゃすと☆あ☆ちぇるーん,0,0,0,普通攻击,0,0,0,0,普通攻击,0,0,技能2：きゃすと☆あ☆ちぇるーん
41,タマキ（サマー）,0.0,0.0,0.0,0.0,0.0,0.0,技能2：アイスブレイク,0.0,0,0,技能1：サマービーチアブソーブ,0,0,普通攻击,0,0,0,技能2：アイスブレイク,0,0,0,普通攻击,0,0,0,普通攻击,0,0,技能1：サマービーチアブソーブ,0,0,0,普通攻击,0,0,技能2：アイスブレイク,0,0,0,普通攻击,0,0,0,普通攻击,0,0,技能2：アイスブレイク,0,0,0,普通攻击,0,0,0,普通攻击,0,0,技能1：サマービーチアブソーブ,0,0,普通攻击,0,0,技能2：アイスブレイク,0,0,0,普通攻击,0,0,0,普通攻击,0,0,技能2：アイスブレイク,0,0,0,0,普通攻击,0,0,0,普通攻击,0,0,技能1：サマービーチアブソーブ,0,0,普通攻击,0
42,エリコ,0.0,0.0,0.0,0.0,0.0,0.0,技能1：オブセッション,0.0,0,技能2：ポイズンブロウ,0,0,0,普通攻击,0,技能2：ポイズンブロウ,0,0,普通攻击,0,0,技能2：ポイズンブロウ,0,0,普通攻击,0,技能1：オブセッション,0,0,普通攻击,0,技能2：ポイズンブロウ,0,0,0,普通攻击,0,技能2：ポイズンブロウ,0,0,普通攻击,0,技能1：オブセッション,0,0,普通攻击,0,0,技能2：ポイズンブロウ,0,0,普通攻击,0,技能2：ポイズンブロウ,0,0,普通攻击,0,技能1：オブセッション,0,0,0,普通攻击,0,技能2：ポイズンブロウ,0,0,普通攻击,0,技能2：ポイズンブロウ,0,0,普通攻击,0,0,技能1：オブセッション,0,0,普通攻击,0,技能2：ポイズンブロウ,0,0,普通攻击,0,技能2：ポイズンブロウ,0,0,0,普通攻击,0
43,ペコリーヌ（サマー）,0.0,0.0,0.0,0.0,0.0,0.0,技能1：デザートタイム,0.0,0,技能2：パラソルアサルト,0,0,0,0,普通攻击,0,0,技能1：デザートタイム,0,0,0,普通攻击,0,0,0,普通攻击,0,0,技能1：デザートタイム,0,技能2：パラソルアサルト,0,0,0,普通攻击,0,0,0,0,普通攻击,0,0,技能1：デザートタイム,0,0,普通攻击,0,0,技能2：パラソルアサルト,0,0,0,0,普通攻击,0,0,技能1：デザートタイム,0,0,普通攻击,0,0,0,普通攻击,0,0,0,技能1：デザートタイム,0,技能2：パラソルアサルト,0,0,0,普通攻击,0,0,0,普通攻击,0,0,技能1：デザートタイム,0,0,0,普通攻击,0,0,技能2：パラソルアサルト,0,0,0
44,クルミ,0.0,0.0,0.0,0.0,0.0,0.0,技能2：ベルビブラート,0.0,0,0,技能1：ブレイブリーベル,0,0,0,普通攻击,0,0,0,普通攻击,0,技能2：ベルビブラート,0,0,0,普通攻击,0,0,技能1：ブレイブリーベル,0,0,普通攻击,0,0,0,普通攻击,0,技能2：ベルビブラート,0,0,0,普通攻击,0,0,技能1：ブレイブリーベル,0,0,0,普通攻击,0,0,普通攻击,0,技能2：ベルビブラート,0,0,0,普通攻击,0,0,技能1：ブレイブリーベル,0,0,0,普通攻击,0,0,普通攻击,0,0,技能2：ベルビブラート,0,0,普通攻击,0,0,技能1：ブレイブリーベル,0,0,0,普通攻击,0,0,普通攻击,0,0,技能2：ベルビブラート,0,0,0,普通攻击,0
45,ジータ,0.0,0.0,0.0,0.0,0.0,0.0,技能1：ワイドブレード,0.0,0,0,技能2：ウェポンバースト,0,0,0,0,普通攻击,0,0,0,普通攻击,0,0,技能1：ワイドブレード,0,0,0,普通攻击,0,0,技能2：ウェポンバースト,0,0,0,普通攻击,0,0,0,普通攻击,0,技能1：ワイドブレード,0,0,0,0,普通攻击,0,0,技能2：ウェポンバースト,0,0,0,普通攻击,0,0,0,普通攻击,0,技能1：ワイドブレード,0,0,0,0,普通攻击,0,技能2：ウェポンバースト,0,0,0,0,普通攻击,0,0,普通攻击,0,0,技能1：ワイドブレード,0,0,0,0,普通攻击,0,技能2：ウェポンバースト,0,0,0,0,普通攻击,0,0,普通攻击
46,ペコリーヌ（ニューイヤー）,0.0,0.0,0.0,0.0,0.0,0.0,技能1：ダイフクタイム,0.0,0,技能2：ライジングサン,0,0,0,0,普通攻击,0,0,技能1：ダイフクタイム,0,0,普通攻击,0,0,技能2：ライジングサン,0,0,技能1：ダイフクタイム,0,0,普通攻击,0,0,技能2：ライジングサン,0,0,0,普通攻击,0,0,技能1：ダイフクタイム,0,技能2：ライジングサン,0,0,0,普通攻击,0,0,技能1：ダイフクタイム,0,0,普通攻击,0,0,技能2：ライジングサン,0,0,技能1：ダイフクタイム,0,0,普通攻击,0,0,技能2：ライジングサン,0,0,0,普通攻击,0,0,技能1：ダイフクタイム,0,技能2：ライジングサン,0,0,0,普通攻击,0,0,技能1：ダイフクタイム,0,0,0,普通攻击,0,0,技能2：ライジングサン,0,技能1：ダイフクタイム,0,0
47,レイ,0.0,0.0,0.0,0.0,0.0,0.0,普通攻击,0.0,0,技能1：ウィンドスラスト,0,0,技能2：カウンタースラッシュ,0,0,0,0,0,普通攻击,0,0,0,普通攻击,0,0,技能1：ウィンドスラスト,0,0,普通攻击,0,0,技能2：カウンタースラッシュ,0,0,0,0,普通攻击,0,0,0,普通攻击,0,0,技能1：ウィンドスラスト,0,0,普通攻击,0,0,技能2：カウンタースラッシュ,0,0,0,0,普通攻击,0,0,0,普通攻击,0,0,技能1：ウィンドスラスト,0,0,普通攻击,0,0,技能2：カウンタースラッシュ,0,0,0,0,普通攻击,0,0,0,普通攻击,0,0,技能1：ウィンドスラスト,0,0,普通攻击,0,0,技能2：カウンタースラッシュ,0,0,0,0,普通攻击
48,イリヤ（クリスマス）,0.0,0.0,0.0,0.0,0.0,0.0,技能2：ブラッディソーン,0.0,技能1：バットカーニバル,0,普通攻击,技能1：バットカーニバル,0,技能2：ブラッディソーン,0,0,普通攻击,技能1：バットカーニバル,0,技能2：ブラッディソーン,0,0,普通攻击,0,0,普通攻击,技能1：バットカーニバル,0,技能2：ブラッディソーン,0,0,普通攻击,技能1：バットカーニバル,0,技能2：ブラッディソーン,0,0,普通攻击,技能1：バットカーニバル,0,技能2：ブラッディソーン,0,0,普通攻击,0,0,普通攻击,技能1：バットカーニバル,0,技能2：ブラッディソーン,0,0,普通攻击,技能1：バットカーニバル,0,技能2：ブラッディソーン,0,0,普通攻击,0,技能1：バットカーニバル,技能2：ブラッディソーン,0,0,普通攻击,0,0,普通攻击,技能1：バットカーニバル,0,技能2：ブラッディソーン,0,0,普通攻击,技能1：バットカーニバル,0,技能2：ブラッディソーン,0,0,普通攻击,0,技能1：バットカーニバル,技能2：ブラッディソーン,0,0,普通攻击,0,0,普通攻击,技能1：バットカーニバル,0
49,アンナ（サマー）,0.0,0.0,0.0,0.0,0.0,0.0,技能1：羅刹涅槃・海獄泉,0.0,技能2：夏極・吸冥姫,0,普通攻击,0,技能1：羅刹涅槃・海獄泉,0,0,普通攻击,0,技能2：夏極・吸冥姫,技能1：羅刹涅槃・海獄泉,0,0,0,普通攻击,技能2：夏極・吸冥姫,0,0,0,普通攻击,0,技能1：羅刹涅槃・海獄泉,0,0,普通攻击,技能2：夏極・吸冥姫,0,技能1：羅刹涅槃・海獄泉,0,0,0,普通攻击,技能2：夏極・吸冥姫,0,0,0,普通攻击,技能1：羅刹涅槃・海獄泉,0,0,0,普通攻击,技能2：夏極・吸冥姫,0,技能1：羅刹涅槃・海獄泉,0,0,普通攻击,0,技能2：夏極・吸冥姫,0,0,0,普通攻击,技能1：羅刹涅槃・海獄泉,0,0,普通攻击,0,技能2：夏極・吸冥姫,0,技能1：羅刹涅槃・海獄泉,0,0,普通攻击,0,技能2：夏極・吸冥姫,0,0,普通攻击,0,技能1：羅刹涅槃・海獄泉,0,0,普通攻击,0,技能2：夏極・吸冥姫,0,技能1：羅刹涅槃・海獄泉,0,0,普通攻击,0
50,クリスティーナ（クリスマス）,0.0,0.0,0.0,0.0,0.0,0.0,技能1：エンハンスプレゼント,0.0,0,技能2：デストラクション,0,0,0,普通攻击,0,0,技能2：デストラクション,0,0,0,普通攻击,0,0,技能1：エンハンスプレゼント,0,技能2：デストラクション,0,0,0,普通攻击,0,0,0,普通攻击,0,0,技能2：デストラクション,0,技能1：エンハンスプレゼント,0,0,0,普通攻击,0,0,技能2：デストラクション,0,0,普通攻击,0,0,技能2：デストラクション,0,0,0,普通攻击,0,0,技能1：エンハンスプレゼント,0,技能2：デストラクション,0,0,0,普通攻击,0,0,0,普通攻击,0,0,技能2：デストラクション,0,技能1：エンハンスプレゼント,0,0,0,普通攻击,0,0,技能2：デストラクション,0,0,普通攻击,0,0,技能2：デストラクション,0,0,0,普通攻击
51,シズル,0.0,0.0,0.0,0.0,0.0,0.0,技能2：プロテクション,0.0,0,0,技能1：セイントヒール,0,0,0,0,0,普通攻击,0,0,0,0,普通攻击,0,0,0,技能2：プロテクション,0,0,0,0,普通攻击,0,0,0,普通攻击,0,0,0,技能1：セイントヒール,0,0,0,0,普通攻击,0,0,0,0,普通攻击,0,0,技能2：プロテクション,0,0,0,0,普通攻击,0,0,0,技能1：セイントヒール,0,0,0,0,普通攻击,0,0,0,普通攻击,0,0,0,技能2：プロテクション,0,0,0,0,普通攻击,0,0,0,0,普通攻击,0,0,技能1：セイントヒール,0,0,0,0
52,クリスティーナ,0.0,0.0,0.0,0.0,0.0,0.0,技能1：オーバーレイ,0.0,0,技能2：インジェクション,0,0,0,0,0,普通攻击,0,0,技能2：インジェクション,0,0,0,普通攻击,0,0,技能1：オーバーレイ,0,0,技能2：インジェクション,0,0,0,普通攻击,0,0,0,普通攻击,0,0,技能2：インジェクション,0,0,技能1：オーバーレイ,0,0,0,普通攻击,0,0,技能2：インジェクション,0,0,0,普通攻击,0,0,技能2：インジェクション,0,0,0,0,普通攻击,0,0,技能1：オーバーレイ,0,0,技能2：インジェクション,0,0,0,普通攻击,0,0,0,普通攻击,0,0,技能2：インジェクション,0,0,技能1：オーバーレイ,0,0,0,普通攻击,0,0,技能2：インジェクション,0,0
53,クルミ（クリスマス）,0.0,0.0,0.0,0.0,0.0,0.0,技能2：ヒーリングベル,0.0,0,技能1：ベルチアリング,0,0,0,普通攻击,0,0,普通攻击,0,0,技能2：ヒーリングベル,0,0,普通攻击,0,0,技能1：ベルチアリング,0,0,普通攻击,0,0,普通攻击,0,技能2：ヒーリングベル,0,0,0,普通攻击,0,技能1：ベルチアリング,0,0,0,普通攻击,0,0,普通攻击,0,技能2：ヒーリングベル,0,0,0,普通攻击,0,技能1：ベルチアリング,0,0,普通攻击,0,0,普通攻击,0,0,技能2：ヒーリングベル,0,0,普通攻击,0,0,技能1：ベルチアリング,0,0,普通攻击,0,0,普通攻击,0,技能2：ヒーリングベル,0,0,0,普通攻击,0,技能1：ベルチアリング,0,0,0,普通攻击,0,0,普通攻击
54,ミミ,0.0,0.0,0.0,0.0,0.0,0.0,技能2：うさぎさんエール,0.0,0,技能1：ぴょんぴょんアタック,0,0,0,0,普通攻击,0,0,0,普通攻击,0,0,0,技能2：うさぎさんエール,0,0,普通攻击,0,0,技能1：ぴょんぴょんアタック,0,0,0,普通攻击,0,0,0,0,普通攻击,0,0,技能2：うさぎさんエール,0,0,普通攻击,0,0,0,技能1：ぴょんぴょんアタック,0,0,0,普通攻击,0,0,0,普通攻击,0,0,技能2：うさぎさんエール,0,0,0,普通攻击,0,0,技能1：ぴょんぴょんアタック,0,0,0,普通攻击,0,0,0,普通攻击,0,0,技能2：うさぎさんエール,0,0,0,普通攻击,0,0,技能1：ぴょんぴょんアタック,0,0,0,普通攻击,0,0,0
55,シノブ,0.0,0.0,0.0,0.0,0.0,0.0,技能1：ファントムコール,0.0,0,0,技能2：ウィークレイス,0,0,0,0,0,0,普通攻击,0,0,0,普通攻击,0,0,0,技能1：ファントムコール,0,0,0,普通攻击,0,0,0,技能2：ウィークレイス,0,0,0,0,普通攻击,0,0,0,0,普通攻击,0,0,技能1：ファントムコール,0,0,0,0,普通攻击,0,0,技能2：ウィークレイス,0,0,0,0,普通攻击,0,0,0,0,普通攻击,0,0,技能1：ファントムコール,0,0,0,0,普通攻击,0,0,技能2：ウィークレイス,0,0,0,0,0,普通攻击,0,0,0,普通攻击,0,0,0,技能1：ファントムコール,0
56,ミミ（ハロウィン）,0.0,0.0,0.0,0.0,0.0,0.0,技能2：ぐるぐるうさぎさんエール,0.0,0,0,技能1：ぐるぐるアタック,0,0,0,技能1：ぐるぐるアタック,0,0,0,0,技能2：ぐるぐるうさぎさんエール,0,0,0,技能1：ぐるぐるアタック,0,0,0,0,普通攻击,0,0,技能1：ぐるぐるアタック,0,0,技能2：ぐるぐるうさぎさんエール,0,0,0,技能1：ぐるぐるアタック,0,0,0,0,普通攻击,0,0,技能1：ぐるぐるアタック,0,0,0,技能2：ぐるぐるうさぎさんエール,0,0,0,技能1：ぐるぐるアタック,0,0,0,普通攻击,0,0,技能1：ぐるぐるアタック,0,0,0,技能2：ぐるぐるうさぎさんエール,0,0,0,技能1：ぐるぐるアタック,0,0,0,0,普通攻击,0,0,技能1：ぐるぐるアタック,0,0,技能2：ぐるぐるうさぎさんエール,0,0,0,技能1：ぐるぐるアタック,0,0,0,0,普通攻击,0
57,ウヅキ（デレマス）,0.0,0.0,0.0,0.0,0.0,0.0,技能1：レボリューションスマイル,0.0,0,0,技能2：ピンキー・ライブリィ,0,0,0,0,普通攻击,0,0,0,0,普通攻击,0,0,技能1：レボリューションスマイル,0,0,0,0,普通攻击,0,0,技能2：ピンキー・ライブリィ,0,0,0,0,普通攻击,0,0,0,普通攻击,0,0,技能1：レボリューションスマイル,0,0,0,0,普通攻击,0,0,技能2：ピンキー・ライブリィ,0,0,0,0,普通攻击,0,0,0,普通攻击,0,0,0,技能1：レボリューションスマイル,0,0,0,普通攻击,0,0,0,技能2：ピンキー・ライブリィ,0,0,0,普通攻击,0,0,0,普通攻击,0,0,0,技能1：レボリューションスマイル,0,0,0,普通攻击,0,0
58,レイ（ハロウィン）,0.0,0.0,0.0,0.0,0.0,0.0,技能2：コールオブゴースト,0.0,0,技能1：ホロウスラスト,0,0,0,0,普通攻击,0,0,技能2：コールオブゴースト,0,0,普通攻击,0,0,技能1：ホロウスラスト,0,0,0,普通攻击,0,技能2：コールオブゴースト,0,0,技能1：ホロウスラスト,0,0,0,普通攻击,0,0,技能1：ホロウスラスト,0,0,普通攻击,0,0,技能2：コールオブゴースト,0,0,0,普通攻击,0,0,技能1：ホロウスラスト,0,0,普通攻击,0,0,技能2：コールオブゴースト,0,0,技能1：ホロウスラスト,0,0,普通攻击,0,0,技能1：ホロウスラスト,0,0,0,普通攻击,0,0,技能2：コールオブゴースト,0,0,普通攻击,0,0,技能1：ホロウスラスト,0,0,0,普通攻击,0,技能2：コールオブゴースト,0,0,技能1：ホロウスラスト,0
59,シズル（バレンタイン）,0.0,0.0,0.0,0.0,0.0,0.0,技能2：セグメントハートショット,0.0,0,0,普通攻击,0,0,0,技能1：キュアネスサイン,0,0,0,0,0,普通攻击,0,0,技能2：セグメントハートショット,0,0,技能1：キュアネスサイン,0,0,0,0,普通攻击,0,0,0,普通攻击,0,0,技能2：セグメントハートショット,0,0,0,普通攻击,0,0,技能1：キュアネスサイン,0,0,0,0,普通攻击,0,0,技能2：セグメントハートショット,0,0,技能1：キュアネスサイン,0,0,0,0,普通攻击,0,0,0,普通攻击,0,0,技能2：セグメントハートショット,0,0,0,普通攻击,0,0,技能1：キュアネスサイン,0,0,0,0,普通攻击,0,0,0,技能2：セグメントハートショット,0,技能1：キュアネスサイン,0,0,0,0
60,マヒル（レンジャー）,0.0,0.0,0.0,0.0,0.0,0.0,技能1：ノーミルクノーライフ,0.0,0,技能2：ファーマーズラッシュ,0,0,0,普通攻击,0,0,技能2：ファーマーズラッシュ,0,0,0,技能1：ノーミルクノーライフ,0,0,技能2：ファーマーズラッシュ,0,0,0,普通攻击,0,0,技能2：ファーマーズラッシュ,0,0,技能1：ノーミルクノーライフ,0,0,0,普通攻击,0,0,技能2：ファーマーズラッシュ,0,0,0,普通攻击,0,0,技能1：ノーミルクノーライフ,0,0,技能2：ファーマーズラッシュ,0,0,0,普通攻击,0,0,技能2：ファーマーズラッシュ,0,0,技能1：ノーミルクノーライフ,0,0,0,普通攻击,0,0,技能2：ファーマーズラッシュ,0,0,0,普通攻击,0,0,技能1：ノーミルクノーライフ,0,0,技能2：ファーマーズラッシュ,0,0,0,普通攻击,0,0,技能2：ファーマーズラッシュ,0,0,技能1：ノーミルクノーライフ,0,0,0
61,マヒル,0.0,0.0,0.0,0.0,0.0,0.0,技能2：フォークスラッシュ,0.0,0,0,技能1：ミルクタンクアタック,0,0,0,0,0,普通攻击,0,0,0,0,普通攻击,0,0,0,技能2：フォークスラッシュ,0,0,0,普通攻击,0,0,0,技能1：ミルクタンクアタック,0,0,0,0,普通攻击,0,0,0,0,普通攻击,0,0,技能2：フォークスラッシュ,0,0,0,0,普通攻击,0,0,技能1：ミルクタンクアタック,0,0,0,0,普通攻击,0,0,0,0,普通攻击,0,0,0,技能2：フォークスラッシュ,0,0,0,普通攻击,0,0,0,技能1：ミルクタンクアタック,0,0,0,0,普通攻击,0,0,0,0,普通攻击,0,0,技能2：フォークスラッシュ,0
62,トモ（マジカル）,0.0,0.0,0.0,0.0,0.0,0.0,技能2：シャイニーアクア,0.0,0,技能1：シャイニーブレード,0,0,0,0,普通攻击,0,0,技能1：シャイニーブレード,0,0,普通攻击,0,0,技能2：シャイニーアクア,0,0,技能1：シャイニーブレード,0,0,普通攻击,0,0,技能1：シャイニーブレード,0,0,技能2：シャイニーアクア,0,0,0,普通攻击,0,0,技能1：シャイニーブレード,0,0,普通攻击,0,0,技能1：シャイニーブレード,0,0,0,普通攻击,0,0,技能2：シャイニーアクア,0,技能1：シャイニーブレード,0,0,0,普通攻击,0,0,技能1：シャイニーブレード,0,0,技能2：シャイニーアクア,0,0,普通攻击,0,0,技能1：シャイニーブレード,0,0,0,普通攻击,0,0,技能1：シャイニーブレード,0,0,普通攻击,0,0,技能2：シャイニーアクア,0,0,技能1：シャイニーブレード,0
63,ユカリ,0.0,0.0,0.0,0.0,0.0,0.0,技能2：ムーンライト,0.0,0,0,0,普通攻击,0,0,0,技能2：ムーンライト,0,0,0,0,0,普通攻击,0,0,0,0,普通攻击,0,0,技能1：アクアヴィット,0,0,0,0,普通攻击,0,0,0,技能2：ムーンライト,0,0,0,普通攻击,0,0,0,0,普通攻击,0,0,0,技能1：アクアヴィット,0,0,0,0,普通攻击,0,0,技能2：ムーンライト,0,0,0,0,普通攻击,0,0,0,0,普通攻击,0,0,0,技能1：アクアヴィット,0,0,0,0,普通攻击,0,0,技能2：ムーンライト,0,0,0,0,普通攻击,0,0,0,0
64,ユカリ（クリスマス）,0.0,0.0,0.0,0.0,0.0,0.0,技能2：ハッピーホリーデイズ,0.0,0,技能1：ペールムーン,0,0,0,普通攻击,0,0,0,0,普通攻击,0,0,技能2：ハッピーホリーデイズ,0,0,0,普通攻击,0,0,0,技能1：ペールムーン,0,0,普通攻击,0,0,技能2：ハッピーホリーデイズ,0,0,0,普通攻击,0,0,0,技能1：ペールムーン,0,0,普通攻击,0,0,技能2：ハッピーホリーデイズ,0,0,0,普通攻击,0,0,技能1：ペールムーン,0,0,0,普通攻击,0,0,技能2：ハッピーホリーデイズ,0,0,0,普通攻击,0,0,技能1：ペールムーン,0,0,0,普通攻击,0,0,技能2：ハッピーホリーデイズ,0,0,0,普通攻击,0,0,技能1：ペールムーン,0,0,0,普通攻击,0,0
65,モニカ,0.0,0.0,0.0,0.0,0.0,0.0,技能1：フリューゲルエール,0.0,0,0,0,普通攻击,0,0,技能2：マスケットショット,0,0,0,0,0,普通攻击,0,0,0,普通攻击,0,0,技能2：マスケットショット,0,0,0,0,普通攻击,0,0,0,普通攻击,0,0,0,技能2：マスケットショット,0,0,0,普通攻击,0,0,0,普通攻击,0,0,0,技能2：マスケットショット,0,0,0,普通攻击,0,0,0,普通攻击,0,0,0,技能2：マスケットショット,0,0,0,普通攻击,0,0,0,普通攻击,0,0,0,技能2：マスケットショット,0,0,0,普通攻击,0,0,0,普通攻击,0,0,0,技能2：マスケットショット,0,0
66,ニノン,0.0,0.0,0.0,0.0,0.0,0.0,技能2：火炎扇,0.0,0,0,技能1：旋風撃,0,0,0,0,0,普通攻击,0,0,0,普通攻击,0,0,0,技能2：火炎扇,0,0,0,普通攻击,0,0,技能1：旋風撃,0,0,0,0,0,普通攻击,0,0,0,普通攻击,0,0,0,技能2：火炎扇,0,0,0,普通攻击,0,0,技能1：旋風撃,0,0,0,0,普通攻击,0,0,0,0,普通攻击,0,0,技能2：火炎扇,0,0,0,普通攻击,0,0,0,技能1：旋風撃,0,0,0,0,普通攻击,0,0,0,0,普通攻击,0,0,技能2：火炎扇,0,0,0,普通攻击
67,ノゾミ（クリスマス）,0.0,0.0,0.0,0.0,0.0,0.0,技能1：クリスマスエール,0.0,0,0,0,技能2：フロストスラッシュ,0,0,0,普通攻击,0,0,0,0,普通攻击,0,0,技能2：フロストスラッシュ,0,0,0,普通攻击,0,0,0,0,普通攻击,0,0,技能2：フロストスラッシュ,0,0,0,普通攻击,0,0,0,普通攻击,0,0,0,技能1：クリスマスエール,0,0,技能2：フロストスラッシュ,0,0,0,普通攻击,0,0,0,0,普通攻击,0,0,技能2：フロストスラッシュ,0,0,0,普通攻击,0,0,0,0,普通攻击,0,0,技能2：フロストスラッシュ,0,0,0,普通攻击,0,0,0,0,普通攻击,0,0,技能1：クリスマスエール,0,0,技能2：フロストスラッシュ,0
68,ミフユ,0.0,0.0,0.0,0.0,0.0,0.0,技能2：ハイドロスラッシュ,0.0,0,0,技能1：ファーストエイド,0,0,0,0,0,普通攻击,0,0,0,普通攻击,0,0,技能2：ハイドロスラッシュ,0,0,0,0,普通攻击,0,0,技能1：ファーストエイド,0,0,0,0,普通攻击,0,0,0,普通攻击,0,0,技能2：ハイドロスラッシュ,0,0,0,0,普通攻击,0,0,技能1：ファーストエイド,0,0,0,0,普通攻击,0,0,0,普通攻击,0,0,技能2：ハイドロスラッシュ,0,0,0,0,普通攻击,0,0,技能1：ファーストエイド,0,0,0,0,普通攻击,0,0,0,普通攻击,0,0,0,技能2：ハイドロスラッシュ,0,0,0,普通攻击,0,0
69,リン（レンジャー）,0.0,0.0,0.0,0.0,0.0,0.0,技能1：ナッツブレイカー,0.0,0,技能2：ナッツスラッシュ,0,0,0,技能2：ナッツスラッシュ,0,0,普通攻击,0,0,0,技能2：ナッツスラッシュ,0,0,0,普通攻击,0,0,技能2：ナッツスラッシュ,0,0,0,普通攻击,0,0,0,普通攻击,0,0,0,技能2：ナッツスラッシュ,0,0,普通攻击,0,0,0,技能2：ナッツスラッシュ,0,0,0,普通攻击,0,0,技能2：ナッツスラッシュ,0,0,0,普通攻击,0,0,0,普通攻击,0,0,技能2：ナッツスラッシュ,0,0,0,普通攻击,0,0,0,技能2：ナッツスラッシュ,0,0,0,普通攻击,0,0,技能2：ナッツスラッシュ,0,0,0,普通攻击,0,0,0,普通攻击,0,0,技能2：ナッツスラッシュ
70,イリヤ,0.0,0.0,0.0,0.0,0.0,0.0,技能1：ブリーディングブラスト,0.0,技能2：ブラッディスピア,0,普通攻击,技能2：ブラッディスピア,0,技能1：ブリーディングブラスト,0,0,普通攻击,0,技能2：ブラッディスピア,技能1：ブリーディングブラスト,0,0,普通攻击,0,0,普通攻击,0,技能2：ブラッディスピア,技能1：ブリーディングブラスト,0,0,0,普通攻击,技能2：ブラッディスピア,0,技能1：ブリーディングブラスト,0,0,普通攻击,技能2：ブラッディスピア,0,技能1：ブリーディングブラスト,0,0,普通攻击,0,0,普通攻击,技能2：ブラッディスピア,0,技能1：ブリーディングブラスト,0,0,普通攻击,0,技能2：ブラッディスピア,技能1：ブリーディングブラスト,0,0,普通攻击,0,技能2：ブラッディスピア,技能1：ブリーディングブラスト,0,0,0,普通攻击,0,0,普通攻击,技能2：ブラッディスピア,0,技能1：ブリーディングブラスト,0,0,普通攻击,技能2：ブラッディスピア,0,技能1：ブリーディングブラスト,0,0,普通攻击,0,技能2：ブラッディスピア,技能1：ブリーディングブラスト,0,0,普通攻击,0,0,普通攻击
71,カオリ（サマー）,0.0,0.0,0.0,0.0,0.0,0.0,技能2：琉球犬唄,0.0,0,0,技能1：円心裂波,0,0,0,普通攻击,0,0,0,0,技能2：琉球犬唄,0,0,0,0,普通攻击,0,0,技能1：円心裂波,0,0,0,技能1：円心裂波,0,0,0,普通攻击,0,0,0,技能2：琉球犬唄,0,0,0,普通攻击,0,0,0,技能1：円心裂波,0,0,技能2：琉球犬唄,0,0,0,0,普通攻击,0,0,技能1：円心裂波,0,0,技能1：円心裂波,0,0,0,0,普通攻击,0,0,0,技能2：琉球犬唄,0,0,0,普通攻击,0,0,0,技能1：円心裂波,0,0,技能2：琉球犬唄,0,0,0,0,普通攻击,0,0,技能1：円心裂波,0
72,サレン,0.0,0.0,0.0,0.0,0.0,0.0,技能1：ファイアスラッシュ,0.0,0,0,技能2：エレガンスエール,0,0,0,0,普通攻击,0,0,0,0,普通攻击,0,0,技能1：ファイアスラッシュ,0,0,0,普通攻击,0,0,0,技能2：エレガンスエール,0,0,0,普通攻击,0,0,0,普通攻击,0,0,技能1：ファイアスラッシュ,0,0,0,0,普通攻击,0,0,技能2：エレガンスエール,0,0,0,普通攻击,0,0,0,普通攻击,0,0,0,技能1：ファイアスラッシュ,0,0,0,普通攻击,0,0,技能2：エレガンスエール,0,0,0,0,普通攻击,0,0,0,普通攻击,0,0,技能1：ファイアスラッシュ,0,0,0,0,普通攻击,0,0,技能2：エレガンスエール,0
73,アンナ,0.0,0.0,0.0,0.0,0.0,0.0,技能1：羅刹涅槃・無式,0.0,0,普通攻击,0,技能1：羅刹涅槃・無式,0,0,0,0,普通攻击,0,0,技能1：羅刹涅槃・無式,0,0,0,0,普通攻击,0,技能1：羅刹涅槃・無式,0,0,技能1：羅刹涅槃・無式,0,0,0,0,普通攻击,0,技能1：羅刹涅槃・無式,0,0,0,0,普通攻击,0,技能1：羅刹涅槃・無式,0,0,技能1：羅刹涅槃・無式,0,0,0,0,普通攻击,0,技能1：羅刹涅槃・無式,0,0,0,0,普通攻击,0,技能1：羅刹涅槃・無式,0,0,技能1：羅刹涅槃・無式,0,0,0,0,普通攻击,0,技能1：羅刹涅槃・無式,0,0,0,0,普通攻击,0,技能1：羅刹涅槃・無式,0,0,技能1：羅刹涅槃・無式,0,0,0,0,普通攻击,0,技能1：羅刹涅槃・無式,0,0,0
74,シノブ（ハロウィン）,0.0,0.0,0.0,0.0,0.0,0.0,技能1：レイスウェポン,0.0,0,技能2：ホロウサイズ,0,0,0,普通攻击,0,0,普通攻击,0,0,技能1：レイスウェポン,0,技能2：ホロウサイズ,0,0,技能2：ホロウサイズ,0,0,0,普通攻击,0,技能1：レイスウェポン,0,0,普通攻击,0,技能2：ホロウサイズ,0,0,0,普通攻击,0,0,普通攻击,0,技能1：レイスウェポン,0,0,技能2：ホロウサイズ,0,0,技能2：ホロウサイズ,0,0,普通攻击,0,0,技能1：レイスウェポン,0,0,普通攻击,0,技能2：ホロウサイズ,0,0,0,普通攻击,0,0,普通攻击,0,技能1：レイスウェポン,0,技能2：ホロウサイズ,0,0,技能2：ホロウサイズ,0,0,0,普通攻击,0,技能1：レイスウェポン,0,0,普通攻击,0,0,技能2：ホロウサイズ,0,0,普通攻击
75,ナナカ（サマー）,0.0,0.0,0.0,0.0,0.0,0.0,技能2：ブレイクスプラッシュ,0.0,0,技能1：ドルフィンマジック,0,普通攻击,0,0,0,普通攻击,0,技能2：ブレイクスプラッシュ,0,0,0,普通攻击,0,技能1：ドルフィンマジック,0,0,0,0,普通攻击,0,技能2：ブレイクスプラッシュ,0,0,0,普通攻击,0,技能1：ドルフィンマジック,0,0,0,普通攻击,0,0,0,普通攻击,0,技能2：ブレイクスプラッシュ,0,0,0,普通攻击,0,技能1：ドルフィンマジック,0,0,0,0,普通攻击,0,技能2：ブレイクスプラッシュ,0,0,0,普通攻击,0,技能1：ドルフィンマジック,0,0,0,普通攻击,0,0,0,0,普通攻击,0,技能2：ブレイクスプラッシュ,0,0,0,普通攻击,0,技能1：ドルフィンマジック,0,0,0,普通攻击,0,技能2：ブレイクスプラッシュ,0,0
76,ミフユ（サマー）,0.0,0.0,0.0,0.0,0.0,0.0,技能2：ハンティングモード,0.0,0,0,技能1：ハイドロスティング,0,0,0,0,普通攻击,0,0,0,0,普通攻击,0,0,技能2：ハンティングモード,0,0,技能1：ハイドロスティング,0,0,0,0,普通攻击,0,0,技能1：ハイドロスティング,0,0,0,普通攻击,0,0,0,0,普通攻击,0,0,技能2：ハンティングモード,0,0,技能1：ハイドロスティング,0,0,0,0,普通攻击,0,0,技能1：ハイドロスティング,0,0,0,普通攻击,0,0,0,0,普通攻击,0,0,技能2：ハンティングモード,0,0,技能1：ハイドロスティング,0,0,0,0,普通攻击,0,0,技能1：ハイドロスティング,0,0,0,普通攻击,0,0,0,0,普通攻击,0
77,コッコロ,0.0,0.0,0.0,0.0,0.0,0.0,技能2：スピードアップ,0.0,0,0,技能1：トライスラッシュ,0,0,0,0,0,普通攻击,0,0,0,普通攻击,0,0,0,技能2：スピードアップ,0,0,0,0,普通攻击,0,0,技能1：トライスラッシュ,0,0,0,普通攻击,0,0,0,0,普通攻击,0,0,0,技能2：スピードアップ,0,0,0,普通攻击,0,0,0,技能1：トライスラッシュ,0,0,0,普通攻击,0,0,0,0,普通攻击,0,0,技能2：スピードアップ,0,0,0,0,普通攻击,0,0,0,技能1：トライスラッシュ,0,0,0,普通攻击,0,0,0,0,普通攻击,0,0,技能2：スピードアップ,0,0,0,0
78,アユミ（ワンダー）,0.0,0.0,0.0,0.0,0.0,0.0,技能2：クロックエンド,0.0,0,0,技能1：クロックダウン,0,0,0,0,普通攻击,0,0,0,技能2：クロックエンド,0,0,0,普通攻击,0,0,0,技能1：クロックダウン,0,0,0,普通攻击,0,0,0,技能2：クロックエンド,0,0,0,普通攻击,0,0,0,0,普通攻击,0,0,技能1：クロックダウン,0,0,0,0,普通攻击,0,0,技能2：クロックエンド,0,0,0,0,普通攻击,0,0,技能1：クロックダウン,0,0,0,0,普通攻击,0,0,技能2：クロックエンド,0,0,0,0,普通攻击,0,0,0,普通攻击,0,0,0,技能1：クロックダウン,0,0,0,0,普通攻击,0
79,アユミ,0.0,0.0,0.0,0.0,0.0,0.0,技能1：つ、突き刺します！,0.0,0,0,技能2：目を閉じて行けるかな…？,0,0,0,0,0,普通攻击,0,0,0,0,普通攻击,0,0,技能1：つ、突き刺します！,0,0,0,0,普通攻击,0,0,0,0,普通攻击,0,0,技能2：目を閉じて行けるかな…？,0,0,0,0,普通攻击,0,0,0,0,普通攻击,0,0,技能1：つ、突き刺します！,0,0,0,0,普通攻击,0,0,0,普通攻击,0,0,0,技能2：目を閉じて行けるかな…？,0,0,0,0,普通攻击,0,0,0,普通攻击,0,0,0,技能1：つ、突き刺します！,0,0,0,0,普通攻击,0,0,0,普通攻击,0,0,0,技能2：目を閉じて行けるかな…？,0
80,グレア,0.0,0.0,0.0,0.0,0.0,0.0,技能2：ドラグアグニ,0.0,0,普通攻击,0,技能1：ドラグインフェルノ,0,0,0,普通攻击,0,0,技能2：ドラグアグニ,0,技能1：ドラグインフェルノ,0,0,0,普通攻击,0,0,0,0,普通攻击,0,技能2：ドラグアグニ,0,0,0,普通攻击,0,技能1：ドラグインフェルノ,0,0,0,0,普通攻击,0,技能2：ドラグアグニ,0,技能1：ドラグインフェルノ,0,0,0,0,普通攻击,0,0,0,普通攻击,0,0,技能2：ドラグアグニ,0,0,0,普通攻击,0,技能1：ドラグインフェルノ,0,0,0,0,普通攻击,0,技能2：ドラグアグニ,0,技能1：ドラグインフェルノ,0,0,0,普通攻击,0,0,0,0,普通攻击,0,技能2：ドラグアグニ,0,0,0,普通攻击,0,0
81,モニカ（マジカル）,0.0,0.0,0.0,0.0,0.0,0.0,技能1：ラブリーオーダー,0.0,0,0,0,普通攻击,0,0,技能2：ラブリーインパルス,0,0,技能1：ラブリーオーダー,0,0,技能2：ラブリーインパルス,0,0,0,0,普通攻击,0,0,0,技能1：ラブリーオーダー,0,0,技能2：ラブリーインパルス,0,0,0,普通攻击,0,0,0,普通攻击,0,0,0,技能1：ラブリーオーダー,0,0,0,普通攻击,0,0,技能2：ラブリーインパルス,0,0,0,普通攻击,0,0,0,技能1：ラブリーオーダー,0,0,技能2：ラブリーインパルス,0,0,0,普通攻击,0,0,0,普通攻击,0,0,0,技能1：ラブリーオーダー,0,0,0,普通攻击,0,0,技能2：ラブリーインパルス,0,0,0,普通攻击,0,0,0,技能1：ラブリーオーダー,0
82,アカリ（エンジェル）,0.0,0.0,0.0,0.0,0.0,0.0,技能1：エンジェルチャージ,0.0,技能2：エンジェルシュート,0,普通攻击,0,技能1：エンジェルチャージ,技能2：エンジェルシュート,0,0,0,普通攻击,0,0,普通攻击,0,技能1：エンジェルチャージ,0,技能2：エンジェルシュート,0,0,普通攻击,0,0,0,普通攻击,0,技能1：エンジェルチャージ,0,技能2：エンジェルシュート,0,0,普通攻击,0,技能1：エンジェルチャージ,0,技能2：エンジェルシュート,0,0,普通攻击,0,0,0,普通攻击,0,技能1：エンジェルチャージ,技能2：エンジェルシュート,0,0,0,普通攻击,0,0,0,普通攻击,0,技能1：エンジェルチャージ,技能2：エンジェルシュート,0,0,0,普通攻击,0,技能1：エンジェルチャージ,技能2：エンジェルシュート,0,0,0,普通攻击,0,0,普通攻击,0,技能1：エンジェルチャージ,0,技能2：エンジェルシュート,0,0,普通攻击,0,0,0,普通攻击,0,技能1：エンジェルチャージ
83,ヨリ（エンジェル）,0.0,0.0,0.0,0.0,0.0,0.0,技能1：エンジェルアテンション,0.0,技能2：エンジェルブレッシング,0,普通攻击,0,0,技能1：エンジェルアテンション,0,技能2：エンジェルブレッシング,0,0,0,普通攻击,0,技能1：エンジェルアテンション,0,技能2：エンジェルブレッシング,0,0,0,普通攻击,0,0,技能2：エンジェルブレッシング,0,技能1：エンジェルアテンション,0,0,0,普通攻击,0,技能2：エンジェルブレッシング,0,0,0,普通攻击,0,0,技能1：エンジェルアテンション,0,技能2：エンジェルブレッシング,0,0,0,普通攻击,0,技能1：エンジェルアテンション,0,技能2：エンジェルブレッシング,0,0,0,普通攻击,0,0,技能2：エンジェルブレッシング,0,技能1：エンジェルアテンション,0,0,0,普通攻击,0,技能2：エンジェルブレッシング,0,0,0,普通攻击,0,0,技能1：エンジェルアテンション,0,技能2：エンジェルブレッシング,0,0,0,普通攻击,0,技能1：エンジェルアテンション,0,技能2：エンジェルブレッシング,0,0,0
84,コッコロ（サマー）,0.0,0.0,0.0,0.0,0.0,0.0,技能1：ネレイドスピア,0.0,0,0,技能2：ネーブルサポート,0,0,0,普通攻击,0,0,0,技能2：ネーブルサポート,0,0,0,普通攻击,0,0,0,技能2：ネーブルサポート,0,0,技能1：ネレイドスピア,0,0,0,普通攻击,0,0,0,技能2：ネーブルサポート,0,0,0,普通攻击,0,0,技能2：ネーブルサポート,0,0,技能2：ネーブルサポート,0,0,0,普通攻击,0,0,0,技能2：ネーブルサポート,0,0,技能1：ネレイドスピア,0,0,0,普通攻击,0,0,技能2：ネーブルサポート,0,0,0,普通攻击,0,0,0,技能2：ネーブルサポート,0,0,技能2：ネーブルサポート,0,0,0,普通攻击,0,0,技能2：ネーブルサポート,0,0,技能1：ネレイドスピア,0,0,0,0
85,レム,0.0,0.0,0.0,0.0,0.0,0.0,技能1：エル・ヒューマ,0.0,0,0,0,普通攻击,0,0,技能1：エル・ヒューマ,0,0,技能2：アクアヒーリング,0,0,0,0,0,普通攻击,0,0,0,普通攻击,0,0,技能1：エル・ヒューマ,0,0,0,0,普通攻击,0,0,技能2：アクアヒーリング,0,0,0,普通攻击,0,0,0,0,普通攻击,0,0,技能1：エル・ヒューマ,0,0,0,普通攻击,0,0,0,技能2：アクアヒーリング,0,0,0,普通攻击,0,0,0,普通攻击,0,0,0,技能1：エル・ヒューマ,0,0,0,普通攻击,0,0,技能2：アクアヒーリング,0,0,0,普通攻击,0,0,0,0,普通攻击,0,0,技能1：エル・ヒューマ,0
86,ラム,0.0,0.0,0.0,0.0,0.0,0.0,技能2：千里眼,0.0,技能1：フーラ,0,普通攻击,0,0,0,0,普通攻击,0,技能2：千里眼,0,0,0,0,普通攻击,0,技能1：フーラ,0,0,0,普通攻击,0,0,0,0,普通攻击,0,0,技能2：千里眼,0,0,0,普通攻击,0,0,技能1：フーラ,0,0,0,普通攻击,0,0,0,0,普通攻击,0,技能2：千里眼,0,0,0,0,普通攻击,0,技能1：フーラ,0,0,0,普通攻击,0,0,0,0,普通攻击,0,0,技能2：千里眼,0,0,0,普通攻击,0,技能1：フーラ,0,0,0,0,普通攻击,0,0,0,0,普通攻击,0
87,リン,0.0,0.0,0.0,0.0,0.0,0.0,技能1：果報は寝て待てモード,0.0,0,技能2：ドングリスローイング,0,0,0,0,普通攻击,0,0,0,0,技能1：果報は寝て待てモード,0,0,0,普通攻击,0,0,技能1：果報は寝て待てモード,0,0,技能2：ドングリスローイング,0,0,0,0,普通攻击,0,0,0,普通攻击,0,0,0,技能1：果報は寝て待てモード,0,0,0,普通攻击,0,0,技能2：ドングリスローイング,0,0,0,技能1：果報は寝て待てモード,0,0,0,普通攻击,0,0,技能1：果報は寝て待てモード,0,0,技能2：ドングリスローイング,0,0,0,0,普通攻击,0,0,0,普通攻击,0,0,0,技能1：果報は寝て待てモード,0,0,0,普通攻击,0,0,技能2：ドングリスローイング,0,0,0,技能1：果報は寝て待てモード,0,0,0
88,コッコロ（プリンセス）,0.0,0.0,0.0,0.0,0.0,0.0,技能2：ブライトアテンション,0.0,0,0,普通攻击,0,0,0,技能2：ブライトアテンション,0,技能1：エアロヒーリング,0,0,0,技能2：ブライトアテンション,0,0,0,普通攻击,0,0,技能2：ブライトアテンション,0,0,0,普通攻击,0,0,技能1：エアロヒーリング,0,0,技能2：ブライトアテンション,0,0,0,普通攻击,0,0,技能2：ブライトアテンション,0,0,0,普通攻击,0,0,0,普通攻击,0,0,0,0,普通攻击,0,0,技能2：ブライトアテンション,0,0,技能1：エアロヒーリング,0,0,技能2：ブライトアテンション,0,0,普通攻击,0,0,0,技能2：ブライトアテンション,0,0,普通攻击,0,0,0,技能1：エアロヒーリング,0,技能2：ブライトアテンション,0,0,0,普通攻击,0,0,0,技能2：ブライトアテンション
89,ラビリスタ,0.0,0.0,0.0,0.0,0.0,0.0,技能2：ビルド,0.0,0,技能1：オプティマイズ,0,0,普通攻击,0,0,技能2：ビルド,0,0,普通攻击,0,技能1：オプティマイズ,0,0,普通攻击,0,技能2：ビルド,0,技能1：オプティマイズ,0,0,普通攻击,0,0,技能2：ビルド,0,普通攻击,0,0,技能1：オプティマイズ,0,0,普通攻击,0,技能2：ビルド,0,技能1：オプティマイズ,0,0,普通攻击,0,技能2：ビルド,0,0,普通攻击,0,0,技能1：オプティマイズ,0,0,普通攻击,0,技能2：ビルド,0,技能1：オプティマイズ,0,0,普通攻击,0,技能2：ビルド,0,0,普通攻击,0,技能1：オプティマイズ,0,0,普通攻击,0,0,技能2：ビルド,0,技能1：オプティマイズ,0,0,普通攻击,0,技能2：ビルド,0,0,普通攻击,0
90,ミツキ,0.0,0.0,0.0,0.0,0.0,0.0,技能2：ローズフィールド,0.0,0,技能1：カースブルーム,0,0,0,0,0,普通攻击,0,0,0,普通攻击,0,0,0,技能2：ローズフィールド,0,0,普通攻击,0,0,0,技能1：カースブルーム,0,0,0,0,普通攻击,0,0,0,普通攻击,0,0,0,技能2：ローズフィールド,0,0,普通攻击,0,0,0,技能1：カースブルーム,0,0,0,普通攻击,0,0,0,0,普通攻击,0,0,技能2：ローズフィールド,0,0,0,普通攻击,0,0,技能1：カースブルーム,0,0,0,0,普通攻击,0,0,0,0,普通攻击,0,0,技能2：ローズフィールド,0,0,0,普通攻击,0,0,技能1：カースブルーム,0
91,ハツネ（サマー）,0.0,0.0,0.0,0.0,0.0,0.0,技能1：ポンポンエール☆シュート,0.0,技能2：チアフル☆ハピネス,0,技能1：ポンポンエール☆シュート,普通攻击,0,技能2：チアフル☆ハピネス,0,0,0,普通攻击,技能1：ポンポンエール☆シュート,0,0,0,普通攻击,0,0,0,普通攻击,0,技能2：チアフル☆ハピネス,0,0,普通攻击,0,技能1：ポンポンエール☆シュート,0,0,0,普通攻击,技能2：チアフル☆ハピネス,0,0,0,普通攻击,0,技能1：ポンポンエール☆シュート,0,0,普通攻击,0,0,0,普通攻击,0,技能2：チアフル☆ハピネス,0,0,0,普通攻击,技能1：ポンポンエール☆シュート,0,0,0,普通攻击,0,技能2：チアフル☆ハピネス,0,0,普通攻击,0,技能1：ポンポンエール☆シュート,0,0,0,普通攻击,0,0,0,普通攻击,技能2：チアフル☆ハピネス,0,0,0,普通攻击,0,技能1：ポンポンエール☆シュート,0,0,普通攻击,0,技能2：チアフル☆ハピネス,0
92,アカリ,0.0,0.0,0.0,0.0,0.0,0.0,技能2：小悪魔のキス,0.0,0,技能1：シャドウボルト,0,普通攻击,0,0,0,普通攻击,0,0,技能2：小悪魔のキス,0,0,0,普通攻击,0,技能1：シャドウボルト,0,0,0,0,普通攻击,0,技能1：シャドウボルト,0,0,0,0,普通攻击,0,0,0,普通攻击,0,技能2：小悪魔のキス,0,0,0,0,普通攻击,0,技能1：シャドウボルト,0,0,0,普通攻击,0,技能1：シャドウボルト,0,0,0,0,普通攻击,0,0,0,普通攻击,0,0,技能2：小悪魔のキス,0,0,0,普通攻击,0,技能1：シャドウボルト,0,0,0,0,普通攻击,0,技能1：シャドウボルト,0,0,0,普通攻击,0,0,0,0,普通攻击,0
93,ヨリ,0.0,0.0,0.0,0.0,0.0,0.0,技能1：オーバーチャージ,0.0,0,技能2：シャドウブラスト,0,普通攻击,0,0,0,普通攻击,0,技能1：オーバーチャージ,0,0,0,0,普通攻击,0,技能2：シャドウブラスト,0,0,0,普通攻击,0,0,0,0,普通攻击,0,技能1：オーバーチャージ,0,0,0,0,普通攻击,0,技能2：シャドウブラスト,0,0,0,普通攻击,0,0,0,普通攻击,0,0,技能1：オーバーチャージ,0,0,0,普通攻击,0,技能2：シャドウブラスト,0,0,0,0,普通攻击,0,0,0,普通攻击,0,技能1：オーバーチャージ,0,0,0,0,普通攻击,0,技能2：シャドウブラスト,0,0,0,普通攻击,0,0,0,0,普通攻击,0,技能1：オーバーチャージ,0,0
94,サレン（サマー）,0.0,0.0,0.0,0.0,0.0,0.0,技能1：スプラッシュトワリング,0.0,0,0,0,普通攻击,0,0,技能2：ブライトエール,0,0,0,0,普通攻击,0,0,0,0,普通攻击,0,0,技能2：ブライトエール,0,0,0,普通攻击,0,0,0,0,普通攻击,0,0,技能2：ブライトエール,0,0,0,普通攻击,0,0,0,0,普通攻击,0,0,技能2：ブライトエール,0,0,0,普通攻击,0,0,0,普通攻击,0,0,0,技能2：ブライトエール,0,0,0,普通攻击,0,0,0,普通攻击,0,0,0,技能2：ブライトエール,0,0,0,普通攻击,0,0,0,普通攻击,0,0,0,技能2：ブライトエール,0,0,0
95,ミヤコ（ハロウィン）,0.0,0.0,0.0,0.0,0.0,0.0,技能2：おばけごーらんどなの,0.0,0,技能1：おおかみおんななの,0,0,0,0,普通攻击,0,0,技能2：おばけごーらんどなの,0,0,0,0,普通攻击,0,0,技能2：おばけごーらんどなの,0,0,0,普通攻击,0,0,0,技能1：おおかみおんななの,0,0,0,0,0,普通攻击,0,0,技能2：おばけごーらんどなの,0,0,0,普通攻击,0,0,0,技能2：おばけごーらんどなの,0,0,技能1：おおかみおんななの,0,0,0,普通攻击,0,0,0,技能2：おばけごーらんどなの,0,0,0,普通攻击,0,0,0,技能1：おおかみおんななの,0,0,0,普通攻击,0,0,0,技能2：おばけごーらんどなの,0,0,0,普通攻击,0,0,0,技能2：おばけごーらんどなの,0,0,技能1：おおかみおんななの,0,0
96,アリサ,0.0,0.0,0.0,0.0,0.0,0.0,技能1：絡みつく蔦,0.0,0,技能2：翅の輝き,0,0,0,0,普通攻击,0,0,技能2：翅の輝き,0,0,0,0,普通攻击,0,0,技能2：翅の輝き,0,0,技能1：絡みつく蔦,0,0,0,普通攻击,0,0,技能2：翅の輝き,0,0,0,普通攻击,0,0,技能2：翅の輝き,0,0,技能2：翅の輝き,0,0,0,0,普通攻击,0,0,技能2：翅の輝き,0,0,技能1：絡みつく蔦,0,0,0,普通攻击,0,0,技能2：翅の輝き,0,0,0,普通攻击,0,0,技能2：翅の輝き,0,0,技能2：翅の輝き,0,0,0,普通攻击,0,0,技能2：翅の輝き,0,0,0,技能1：絡みつく蔦,0,0,普通攻击,0,0,技能2：翅の輝き
97,アン,0.0,0.0,0.0,0.0,0.0,0.0,技能2：プリンセスコーリング,0.0,0,技能1：コリジョンスペル,0,普通攻击,0,0,0,普通攻击,0,0,技能2：プリンセスコーリング,0,0,0,普通攻击,0,技能1：コリジョンスペル,0,0,0,0,普通攻击,0,0,0,普通攻击,0,技能2：プリンセスコーリング,0,0,0,0,普通攻击,0,技能1：コリジョンスペル,0,0,0,0,普通攻击,0,0,0,普通攻击,0,技能2：プリンセスコーリング,0,0,0,0,普通攻击,0,技能1：コリジョンスペル,0,0,0,普通攻击,0,0,0,0,普通攻击,0,技能2：プリンセスコーリング,0,0,0,0,普通攻击,0,技能1：コリジョンスペル,0,0,0,普通攻击,0,0,0,0,普通攻击,0,技能2：プリンセスコーリング,0
98,ルゥ,0.0,0.0,0.0,0.0,0.0,0.0,技能1：オメメチャン出番ですぅ！,0.0,0,技能1：オメメチャン出番ですぅ！,0,0,普通攻击,0,0,技能2：ビギナーズラック,0,0,0,普通攻击,0,技能1：オメメチャン出番ですぅ！,0,0,0,0,0,普通攻击,0,技能2：ビギナーズラック,0,0,0,普通攻击,0,0,技能1：オメメチャン出番ですぅ！,0,0,0,0,普通攻击,0,技能2：ビギナーズラック,0,0,0,0,普通攻击,0,技能1：オメメチャン出番ですぅ！,0,0,0,0,普通攻击,0,技能2：ビギナーズラック,0,0,0,0,普通攻击,0,技能1：オメメチャン出番ですぅ！,0,0,0,0,普通攻击,0,0,技能2：ビギナーズラック,0,0,0,普通攻击,0,技能1：オメメチャン出番ですぅ！,0,0,0,0,0,普通攻击,0,技能2：ビギナーズラック,0,0,0,普通攻击
99,ネネカ,0.0,0.0,0.0,0.0,0.0,0.0,技能2：インスタンス・ジェム,0.0,0,技能1：サテュレイト・レイ,0,普通攻击,0,技能1：サテュレイト・レイ,0,0,普通攻击,0,技能2：インスタンス・ジェム,0,0,技能1：サテュレイト・レイ,0,0,普通攻击,0,0,0,普通攻击,0,技能1：サテュレイト・レイ,0,技能2：インスタンス・ジェム,0,0,0,0,普通攻击,0,技能1：サテュレイト・レイ,0,0,普通攻击,0,技能1：サテュレイト・レイ,0,0,0,普通攻击,0,技能2：インスタンス・ジェム,0,技能1：サテュレイト・レイ,0,0,0,普通攻击,0,0,0,普通攻击,0,技能1：サテュレイト・レイ,0,技能2：インスタンス・ジェム,0,0,0,普通攻击,0,技能1：サテュレイト・レイ,0,0,0,普通攻击,0,技能1：サテュレイト・レイ,0,0,0,普通攻击,0,技能2：インスタンス・ジェム,0,技能1：サテュレイト・レイ,0,0,0,普通攻击,0,0
100,アオイ（編入生）,0.0,0.0,0.0,0.0,0.0,0.0,技能2：アシッドヴァイン,0.0,0,技能1：スパイクサークル,0,0,0,0,普通攻击,0,0,0,普通攻击,0,技能2：アシッドヴァイン,0,0,0,普通攻击,0,0,技能1：スパイクサークル,0,0,0,普通攻击,0,0,普通攻击,0,0,技能2：アシッドヴァイン,0,0,0,普通攻击,0,0,技能1：スパイクサークル,0,0,普通攻击,0,0,0,普通攻击,0,0,技能2：アシッドヴァイン,0,0,普通攻击,0,0,技能1：スパイクサークル,0,0,0,普通攻击,0,0,普通攻击,0,0,技能2：アシッドヴァイン,0,0,0,普通攻击,0,0,技能1：スパイクサークル,0,0,普通攻击,0,0,0,普通攻击,0,0,技能2：アシッドヴァイン,0,0,0
101,キャル（ニューイヤー）,0.0,0.0,0.0,0.0,0.0,0.0,技能2：ウィッシングフィールド,0.0,技能1：シャドウバレット,0,普通攻击,0,技能1：シャドウバレット,0,技能2：ウィッシングフィールド,0,0,0,普通攻击,0,技能1：シャドウバレット,0,0,0,普通攻击,0,0,0,普通攻击,0,技能1：シャドウバレット,0,技能2：ウィッシングフィールド,0,0,普通攻击,0,0,技能1：シャドウバレット,0,0,普通攻击,0,0,0,0,普通攻击,0,技能1：シャドウバレット,技能2：ウィッシングフィールド,0,0,0,普通攻击,0,技能1：シャドウバレット,0,0,0,普通攻击,0,0,0,普通攻击,0,技能1：シャドウバレット,0,技能2：ウィッシングフィールド,0,0,0,普通攻击,0,技能1：シャドウバレット,0,0,0,普通攻击,0,0,0,普通攻击,0,技能1：シャドウバレット,0,技能2：ウィッシングフィールド,0,0,0,普通攻击,0
102,ミオ（デレマス）,0.0,0.0,0.0,0.0,0.0,0.0,技能1：トリプル・スター,0.0,0,普通攻击,0,技能1：トリプル・スター,0,0,技能2：進め☆ファイトエール,0,技能1：トリプル・スター,0,0,0,普通攻击,0,0,技能1：トリプル・スター,0,0,0,普通攻击,0,0,技能2：進め☆ファイトエール,0,技能1：トリプル・スター,0,0,0,普通攻击,0,0,技能1：トリプル・スター,0,0,0,普通攻击,0,0,技能2：進め☆ファイトエール,0,技能1：トリプル・スター,0,0,0,普通攻击,0,0,技能1：トリプル・スター,0,0,0,普通攻击,0,0,技能2：進め☆ファイトエール,0,技能1：トリプル・スター,0,0,0,普通攻击,0,0,技能1：トリプル・スター,0,0,0,普通攻击,0,0,技能2：進め☆ファイトエール,0,技能1：トリプル・スター,0,0,0,普通攻击,0,0,技能1：トリプル・スター,0,0,0
103,ミサト（サマー）,0.0,0.0,0.0,0.0,0.0,0.0,技能1：ヒーリングドリンク,0.0,技能2：アドバイスエール,0,普通攻击,0,0,0,0,普通攻击,0,技能1：ヒーリングドリンク,0,技能2：アドバイスエール,0,0,0,普通攻击,0,技能1：ヒーリングドリンク,0,技能2：アドバイスエール,0,0,0,普通攻击,0,0,0,普通攻击,0,技能1：ヒーリングドリンク,0,技能2：アドバイスエール,0,0,0,普通攻击,0,0,0,普通攻击,0,技能1：ヒーリングドリンク,0,技能2：アドバイスエール,0,0,0,普通攻击,0,技能1：ヒーリングドリンク,0,技能2：アドバイスエール,0,0,0,普通攻击,0,0,0,普通攻击,0,0,技能1：ヒーリングドリンク,0,技能2：アドバイスエール,0,0,0,普通攻击,0,0,0,普通攻击,0,技能1：ヒーリングドリンク,0,技能2：アドバイスエール,0,0,0,普通攻击,0,技能1：ヒーリングドリンク
104,リノ,0.0,0.0,0.0,0.0,0.0,0.0,技能1：コンセントレーション,0.0,0,0,技能2：ブレイクアロー,0,0,0,0,普通攻击,0,0,0,普通攻击,0,0,技能1：コンセントレーション,0,0,0,普通攻击,0,0,技能2：ブレイクアロー,0,0,0,普通攻击,0,0,0,普通攻击,0,0,技能1：コンセントレーション,0,0,0,普通攻击,0,0,技能2：ブレイクアロー,0,0,0,0,普通攻击,0,0,0,普通攻击,0,0,技能1：コンセントレーション,0,0,0,普通攻击,0,0,技能2：ブレイクアロー,0,0,0,普通攻击,0,0,0,普通攻击,0,0,技能1：コンセントレーション,0,0,0,普通攻击,0,0,技能2：ブレイクアロー,0,0,0,普通攻击,0,0
105,スズナ,0.0,0.0,0.0,0.0,0.0,0.0,技能2：カリスマオーラ♪,0.0,0,0,技能1：おこぷんダーツ,0,0,0,0,普通攻击,0,0,普通攻击,0,0,技能2：カリスマオーラ♪,0,0,0,0,普通攻击,0,0,技能1：おこぷんダーツ,0,0,普通攻击,0,0,0,普通攻击,0,0,技能2：カリスマオーラ♪,0,0,0,0,普通攻击,0,0,技能1：おこぷんダーツ,0,0,普通攻击,0,0,0,普通攻击,0,0,技能2：カリスマオーラ♪,0,0,0,0,普通攻击,0,技能1：おこぷんダーツ,0,0,0,普通攻击,0,0,0,普通攻击,0,0,技能2：カリスマオーラ♪,0,0,0,普通攻击,0,0,技能1：おこぷんダーツ,0,0,0,普通攻击,0,0,0,普通攻击
106,スズナ（サマー）,0.0,0.0,0.0,0.0,0.0,0.0,技能1：トロピカルダーツ,0.0,0,0,普通攻击,0,0,技能1：トロピカルダーツ,0,0,普通攻击,0,0,技能1：トロピカルダーツ,0,0,0,普通攻击,0,0,技能1：トロピカルダーツ,0,0,普通攻击,0,0,技能1：トロピカルダーツ,0,0,技能2：サマーランウェイ♪,0,技能1：トロピカルダーツ,0,0,0,普通攻击,0,0,技能1：トロピカルダーツ,0,0,普通攻击,0,0,技能1：トロピカルダーツ,0,0,0,普通攻击,0,0,技能1：トロピカルダーツ,0,0,普通攻击,0,0,技能1：トロピカルダーツ,0,0,0,普通攻击,0,技能1：トロピカルダーツ,0,0,0,普通攻击,0,0,技能1：トロピカルダーツ,0,0,普通攻击,0,0,技能1：トロピカルダーツ,0,0,0,普通攻击,0,技能1：トロピカルダーツ,0,0
107,シオリ,0.0,0.0,0.0,0.0,0.0,0.0,技能1：トライアロー,0.0,0,技能2：ウィンドアロー,0,0,0,0,0,普通攻击,0,0,0,普通攻击,0,0,技能1：トライアロー,0,0,普通攻击,0,0,技能2：ウィンドアロー,0,0,0,0,普通攻击,0,0,0,普通攻击,0,0,技能1：トライアロー,0,0,普通攻击,0,0,技能2：ウィンドアロー,0,0,0,0,普通攻击,0,0,0,普通攻击,0,0,技能1：トライアロー,0,0,普通攻击,0,0,技能2：ウィンドアロー,0,0,0,0,普通攻击,0,0,0,普通攻击,0,0,技能1：トライアロー,0,0,普通攻击,0,0,技能2：ウィンドアロー,0,0,0,0,普通攻击,0,0,0
108,シオリ（マジカル）,0.0,0.0,0.0,0.0,0.0,0.0,技能1：ピュアリーエイミング,0.0,0,0,技能2：ピュアリースナイプ,0,0,0,普通攻击,0,0,0,普通攻击,0,0,技能1：ピュアリーエイミング,0,0,0,0,普通攻击,0,0,技能2：ピュアリースナイプ,0,0,普通攻击,0,0,0,普通攻击,0,0,技能1：ピュアリーエイミング,0,0,0,普通攻击,0,0,技能2：ピュアリースナイプ,0,0,0,普通攻击,0,0,0,普通攻击,0,0,技能1：ピュアリーエイミング,0,0,0,普通攻击,0,0,技能2：ピュアリースナイプ,0,0,0,普通攻击,0,0,0,普通攻击,0,0,技能1：ピュアリーエイミング,0,0,0,普通攻击,0,0,技能2：ピュアリースナイプ,0,0,0,普通攻击,0,0,0,普通攻击
109,イオ,0.0,0.0,0.0,0.0,0.0,0.0,技能1：テイルウィップ,0.0,0,技能2：ソウルドレイン,0,0,普通攻击,0,0,0,0,普通攻击,0,0,技能1：テイルウィップ,0,0,0,0,普通攻击,0,0,技能2：ソウルドレイン,0,0,0,0,普通攻击,0,0,0,0,普通攻击,0,0,技能1：テイルウィップ,0,0,0,0,0,普通攻击,0,技能2：ソウルドレイン,0,0,0,0,普通攻击,0,0,0,0,0,普通攻击,0,技能1：テイルウィップ,0,0,0,0,0,普通攻击,0,技能2：ソウルドレイン,0,0,0,0,0,普通攻击,0,0,0,0,普通攻击,0,技能1：テイルウィップ,0,0,0,0,0,普通攻击,0
110,イオ（サマー）,0.0,0.0,0.0,0.0,0.0,0.0,技能2：ラブスプラッシュ,0.0,技能1：ラブスティール,0,普通攻击,0,0,0,0,普通攻击,0,0,技能2：ラブスプラッシュ,0,0,0,普通攻击,0,技能1：ラブスティール,0,0,0,0,普通攻击,0,0,0,普通攻击,0,0,技能2：ラブスプラッシュ,0,0,0,普通攻击,0,0,技能1：ラブスティール,0,0,0,普通攻击,0,0,0,0,普通攻击,0,技能2：ラブスプラッシュ,0,0,0,普通攻击,0,0,技能1：ラブスティール,0,0,0,普通攻击,0,0,0,0,普通攻击,0,技能2：ラブスプラッシュ,0,0,0,0,普通攻击,0,技能1：ラブスティール,0,0,0,普通攻击,0,0,0,0,普通攻击,0,0
111,スズメ,0.0,0.0,0.0,0.0,0.0,0.0,技能2：メイドエール,0.0,0,技能1：ウィンドブラスト,0,0,普通攻击,0,技能2：メイドエール,0,0,0,0,普通攻击,0,技能1：ウィンドブラスト,0,0,0,0,普通攻击,0,0,技能1：ウィンドブラスト,0,0,0,0,普通攻击,0,技能2：メイドエール,0,0,0,0,普通攻击,0,技能1：ウィンドブラスト,0,0,0,0,普通攻击,0,技能1：ウィンドブラスト,0,0,0,0,普通攻击,0,技能2：メイドエール,0,0,0,0,普通攻击,0,0,技能1：ウィンドブラスト,0,0,0,0,普通攻击,0,技能1：ウィンドブラスト,0,0,0,0,普通攻击,0,技能2：メイドエール,0,0,0,0,普通攻击,0,技能1：ウィンドブラスト,0,0,0,0
112,スズメ（ニューイヤー）,0.0,0.0,0.0,0.0,0.0,0.0,技能2：加護ノ破魔矢,0.0,0,技能1：賀春旋風,0,普通攻击,0,技能2：加護ノ破魔矢,0,0,0,0,普通攻击,0,技能1：賀春旋風,0,0,0,0,普通攻击,0,0,0,普通攻击,0,技能1：賀春旋風,0,0,技能2：加護ノ破魔矢,0,0,0,普通攻击,0,0,0,0,普通攻击,0,技能1：賀春旋風,0,0,0,0,普通攻击,0,0,0,普通攻击,0,技能1：賀春旋風,0,0,技能2：加護ノ破魔矢,0,0,0,普通攻击,0,0,0,0,普通攻击,0,技能1：賀春旋風,0,0,0,0,普通攻击,0,0,0,普通攻击,0,0,技能1：賀春旋風,0,技能2：加護ノ破魔矢,0,0,0,普通攻击,0,0
113,エミリア,0.0,0.0,0.0,0.0,0.0,0.0,技能1：お願い、パック！,0.0,0,技能2：氷の飛礫,0,普通攻击,0,0,技能1：お願い、パック！,0,0,0,0,普通攻击,0,技能1：お願い、パック！,0,0,技能2：氷の飛礫,0,0,0,普通攻击,0,技能1：お願い、パック！,0,0,0,0,0,普通攻击,0,技能2：氷の飛礫,0,0,0,普通攻击,0,技能1：お願い、パック！,0,0,0,0,普通攻击,0,0,技能1：お願い、パック！,0,0,技能2：氷の飛礫,0,0,0,普通攻击,0,技能1：お願い、パック！,0,0,0,0,普通攻击,0,技能2：氷の飛礫,0,0,0,0,普通攻击,0,技能1：お願い、パック！,0,0,0,0,普通攻击,0,技能1：お願い、パック！,0,0,技能2：氷の飛礫,0,0,0,普通攻击,0
114,カスミ,0.0,0.0,0.0,0.0,0.0,0.0,技能1：ルートオブバインド,0.0,0,技能2：ミスリードバレット,0,0,普通攻击,0,0,0,普通攻击,0,技能1：ルートオブバインド,0,0,0,0,普通攻击,0,技能2：ミスリードバレット,0,0,0,0,普通攻击,0,0,0,0,普通攻击,0,技能1：ルートオブバインド,0,0,0,0,普通攻击,0,技能2：ミスリードバレット,0,0,0,0,普通攻击,0,0,0,普通攻击,0,0,技能1：ルートオブバインド,0,0,0,0,普通攻击,0,技能2：ミスリードバレット,0,0,0,0,普通攻击,0,0,0,普通攻击,0,技能1：ルートオブバインド,0,0,0,0,普通攻击,0,0,技能2：ミスリードバレット,0,0,0,普通攻击,0,0,0,0
115,カスミ（マジカル）,0.0,0.0,0.0,0.0,0.0,0.0,技能2：ミスティラッピング,0.0,0,技能1：マジカルハレーション,0,普通攻击,0,0,0,0,普通攻击,0,技能2：ミスティラッピング,0,0,0,普通攻击,0,技能1：マジカルハレーション,0,0,0,0,普通攻击,0,0,0,0,普通攻击,0,技能2：ミスティラッピング,0,0,0,普通攻击,0,0,技能1：マジカルハレーション,0,0,0,普通攻击,0,0,0,0,普通攻击,0,技能2：ミスティラッピング,0,0,0,普通攻击,0,0,技能1：マジカルハレーション,0,0,0,普通攻击,0,0,0,0,普通攻击,0,技能2：ミスティラッピング,0,0,0,0,普通攻击,0,技能1：マジカルハレーション,0,0,0,0,普通攻击,0,0,0,普通攻击,0,技能2：ミスティラッピング
116,リノ（ワンダー）,0.0,0.0,0.0,0.0,0.0,0.0,技能1：ワンダーイリュージョン,0.0,0,0,技能2：ワンダーアロー,0,0,0,技能1：ワンダーイリュージョン,0,0,0,普通攻击,0,0,技能2：ワンダーアロー,0,0,0,普通攻击,0,0,技能1：ワンダーイリュージョン,0,0,0,普通攻击,0,0,技能2：ワンダーアロー,0,0,0,普通攻击,0,0,0,普通攻击,0,0,技能1：ワンダーイリュージョン,0,0,0,普通攻击,0,0,技能2：ワンダーアロー,0,0,0,普通攻击,0,0,技能1：ワンダーイリュージョン,0,0,0,普通攻击,0,0,技能2：ワンダーアロー,0,0,0,普通攻击,0,0,0,普通攻击,0,0,技能1：ワンダーイリュージョン,0,0,0,普通攻击,0,0,技能2：ワンダーアロー,0,0,0,普通攻击,0
117,ミサト,0.0,0.0,0.0,0.0,0.0,0.0,技能1：ディバインフォース,0.0,0,技能2：アフェクションキュア,0,0,普通攻击,0,0,0,普通攻击,0,技能1：ディバインフォース,0,0,0,0,普通攻击,0,技能2：アフェクションキュア,0,0,0,0,普通攻击,0,0,0,0,普通攻击,0,技能1：ディバインフォース,0,0,0,0,普通攻击,0,技能2：アフェクションキュア,0,0,0,0,普通攻击,0,0,0,普通攻击,0,0,技能1：ディバインフォース,0,0,0,普通攻击,0,0,技能2：アフェクションキュア,0,0,0,0,普通攻击,0,0,0,普通攻击,0,技能1：ディバインフォース,0,0,0,0,普通攻击,0,技能2：アフェクションキュア,0,0,0,0,普通攻击,0,0,0,0
118,ナナカ,0.0,0.0,0.0,0.0,0.0,0.0,技能1：スターダストマジック,0.0,0,技能2：エナジーインパクト,0,普通攻击,0,技能1：スターダストマジック,0,0,0,0,普通攻击,0,技能2：エナジーインパクト,0,0,0,0,普通攻击,0,0,0,普通攻击,0,技能1：スターダストマジック,0,0,0,普通攻击,0,技能2：エナジーインパクト,0,0,0,0,普通攻击,0,0,0,普通攻击,0,技能1：スターダストマジック,0,0,0,0,普通攻击,0,技能2：エナジーインパクト,0,0,0,普通攻击,0,0,0,普通攻击,0,技能1：スターダストマジック,0,0,0,0,普通攻击,0,技能2：エナジーインパクト,0,0,0,普通攻击,0,0,0,0,普通攻击,0,技能1：スターダストマジック,0,0,0,普通攻击,0,技能2：エナジーインパクト,0
119,ユイ（ニューイヤー）,0.0,0.0,0.0,0.0,0.0,0.0,技能2：ブルーミングチアーズ,0.0,0,技能1：ウィークネスペタル,0,普通攻击,0,技能2：ブルーミングチアーズ,0,0,0,0,普通攻击,0,技能1：ウィークネスペタル,0,0,0,0,普通攻击,0,技能2：ブルーミングチアーズ,0,0,0,普通攻击,0,0,技能1：ウィークネスペタル,0,技能2：ブルーミングチアーズ,0,0,0,0,普通攻击,0,技能1：ウィークネスペタル,0,0,0,普通攻击,0,0,技能2：ブルーミングチアーズ,0,0,0,普通攻击,0,技能1：ウィークネスペタル,0,0,技能2：ブルーミングチアーズ,0,0,0,普通攻击,0,技能1：ウィークネスペタル,0,0,0,0,普通攻击,0,技能2：ブルーミングチアーズ,0,0,0,0,普通攻击,0,技能1：ウィークネスペタル,0,技能2：ブルーミングチアーズ,0,0,0,0,普通攻击,0,技能1：ウィークネスペタル,0,0
120,キャル,0.0,0.0,0.0,0.0,0.0,0.0,技能2：アーマーダウン,0.0,技能1：サンダーボール,0,0,普通攻击,0,0,0,普通攻击,0,技能2：アーマーダウン,0,0,0,普通攻击,0,技能1：サンダーボール,0,0,0,普通攻击,0,0,0,普通攻击,0,技能2：アーマーダウン,0,0,0,普通攻击,0,技能1：サンダーボール,0,0,0,0,普通攻击,0,0,0,普通攻击,0,技能2：アーマーダウン,0,0,0,普通攻击,0,技能1：サンダーボール,0,0,0,普通攻击,0,0,0,0,普通攻击,0,技能2：アーマーダウン,0,0,0,普通攻击,0,技能1：サンダーボール,0,0,0,普通攻击,0,0,0,普通攻击,0,技能2：アーマーダウン,0,0,0,普通攻击,0,技能1：サンダーボール,0
121,ハツネ,0.0,0.0,0.0,0.0,0.0,0.0,技能2：スター☆ライト,0.0,0,技能1：サイコ☆ブラスト,0,普通攻击,0,0,0,0,普通攻击,0,技能2：スター☆ライト,0,0,0,普通攻击,0,技能1：サイコ☆ブラスト,0,0,0,0,普通攻击,0,0,0,普通攻击,0,技能2：スター☆ライト,0,0,0,普通攻击,0,技能1：サイコ☆ブラスト,0,0,0,0,普通攻击,0,0,0,普通攻击,0,技能2：スター☆ライト,0,0,0,0,普通攻击,0,技能1：サイコ☆ブラスト,0,0,0,普通攻击,0,0,0,普通攻击,0,技能2：スター☆ライト,0,0,0,0,普通攻击,0,技能1：サイコ☆ブラスト,0,0,0,0,普通攻击,0,0,0,普通攻击,0,技能2：スター☆ライト,0,0,0
122,ミサキ,0.0,0.0,0.0,0.0,0.0,0.0,技能1：ダークフォトン,0.0,0,技能2：スローイングアイ,0,普通攻击,0,0,0,普通攻击,0,技能1：ダークフォトン,0,0,0,0,普通攻击,0,技能2：スローイングアイ,0,0,0,普通攻击,0,0,0,普通攻击,0,技能1：ダークフォトン,0,0,0,普通攻击,0,技能2：スローイングアイ,0,0,0,普通攻击,0,0,0,0,普通攻击,0,技能1：ダークフォトン,0,0,0,普通攻击,0,技能2：スローイングアイ,0,0,0,普通攻击,0,0,0,普通攻击,0,技能1：ダークフォトン,0,0,0,0,普通攻击,0,技能2：スローイングアイ,0,0,0,普通攻击,0,0,0,普通攻击,0,技能1：ダークフォトン,0,0,0,0,普通攻击,0
123,ルナ,0.0,0.0,0.0,0.0,0.0,0.0,技能1：ソウルコンバージョン,0.0,普通攻击,0,技能1：ソウルコンバージョン,0,技能2：消えぬ怨恨,技能1：ソウルコンバージョン,0,0,0,普通攻击,0,0,0,普通攻击,0,技能2：消えぬ怨恨,0,0,普通攻击,0,技能1：ソウルコンバージョン,0,0,0,普通攻击,0,0,普通攻击,0,技能2：消えぬ怨恨,0,0,0,普通攻击,0,技能1：ソウルコンバージョン,0,0,普通攻击,0,0,0,普通攻击,0,技能2：消えぬ怨恨,0,0,普通攻击,0,技能1：ソウルコンバージョン,0,0,0,普通攻击,0,0,普通攻击,0,技能2：消えぬ怨恨,0,0,0,普通攻击,0,技能1：ソウルコンバージョン,0,0,普通攻击,0,0,0,普通攻击,0,技能2：消えぬ怨恨,0,0,普通攻击,0,技能1：ソウルコンバージョン,0,0,0,普通攻击
124,ユイ（プリンセス）,0.0,0.0,0.0,0.0,0.0,0.0,技能1：トゥインクルブースト,0.0,技能2：レイディアントショット,0,普通攻击,0,技能1：トゥインクルブースト,0,0,普通攻击,0,技能2：レイディアントショット,0,0,普通攻击,0,技能1：トゥインクルブースト,0,0,0,普通攻击,0,技能2：レイディアントショット,0,0,普通攻击,0,0,0,普通攻击,0,技能1：トゥインクルブースト,0,0,普通攻击,0,技能2：レイディアントショット,0,技能1：トゥインクルブースト,0,0,普通攻击,0,技能2：レイディアントショット,0,0,0,普通攻击,0,技能1：トゥインクルブースト,0,0,普通攻击,0,技能2：レイディアントショット,0,0,普通攻击,0,0,0,普通攻击,0,技能1：トゥインクルブースト,0,0,0,普通攻击,0,技能2：レイディアントショット,技能1：トゥインクルブースト,0,0,0,普通攻击,0,技能2：レイディアントショット,0,0,普通攻击,0,技能1：トゥインクルブースト,0,0,普通攻击
125,チカ（クリスマス）,0.0,0.0,0.0,0.0,0.0,0.0,技能1：アセンションワルツ,0.0,0,技能2：ガーディアンメロディ,0,普通攻击,0,0,0,0,普通攻击,0,技能1：アセンションワルツ,0,0,0,普通攻击,0,0,技能2：ガーディアンメロディ,0,0,0,普通攻击,0,0,0,0,普通攻击,0,技能1：アセンションワルツ,0,0,0,普通攻击,0,0,技能2：ガーディアンメロディ,0,0,0,普通攻击,0,0,0,0,普通攻击,0,技能1：アセンションワルツ,0,0,0,0,普通攻击,0,技能2：ガーディアンメロディ,0,0,0,普通攻击,0,0,0,0,普通攻击,0,技能1：アセンションワルツ,0,0,0,0,普通攻击,0,技能2：ガーディアンメロディ,0,0,0,0,普通攻击,0,0,0,普通攻击,0,技能1：アセンションワルツ
126,スズメ（サマー）,0.0,0.0,0.0,0.0,0.0,0.0,技能1：ぷちゴーレムサモン,0.0,技能2：ソーダエール,0,普通攻击,0,0,0,普通攻击,0,0,技能1：ぷちゴーレムサモン,0,0,0,普通攻击,0,技能2：ソーダエール,0,0,0,普通攻击,0,0,0,普通攻击,0,0,0,普通攻击,0,技能1：ぷちゴーレムサモン,0,0,0,普通攻击,0,技能2：ソーダエール,0,0,0,普通攻击,0,0,0,普通攻击,0,技能1：ぷちゴーレムサモン,0,0,0,普通攻击,0,技能2：ソーダエール,0,0,0,普通攻击,0,0,0,普通攻击,0,0,0,0,普通攻击,0,技能1：ぷちゴーレムサモン,0,0,0,普通攻击,0,技能2：ソーダエール,0,0,0,普通攻击,0,0,0,普通攻击,0,技能1：ぷちゴーレムサモン
127,キャル（サマー）,0.0,0.0,0.0,0.0,0.0,0.0,技能2：スパイラルウェーブ,0.0,0,技能1：ウォーターバレット,普通攻击,0,技能2：スパイラルウェーブ,0,技能1：ウォーターバレット,0,0,0,普通攻击,0,技能2：スパイラルウェーブ,0,0,0,普通攻击,0,技能1：ウォーターバレット,0,0,普通攻击,0,技能2：スパイラルウェーブ,0,0,0,普通攻击,0,技能1：ウォーターバレット,0,0,0,普通攻击,0,技能2：スパイラルウェーブ,0,技能1：ウォーターバレット,0,0,0,普通攻击,技能2：スパイラルウェーブ,0,0,0,普通攻击,0,技能1：ウォーターバレット,0,0,0,普通攻击,0,技能2：スパイラルウェーブ,0,0,0,普通攻击,0,技能1：ウォーターバレット,0,0,普通攻击,0,技能2：スパイラルウェーブ,0,0,技能1：ウォーターバレット,0,0,普通攻击,0,技能2：スパイラルウェーブ,0,0,0,普通攻击,0,技能1：ウォーターバレット,0,0,0
128,アオイ,0.0,0.0,0.0,0.0,0.0,0.0,技能1：ポイズンアロー,0.0,0,0,技能2：パラライズアロー,0,0,0,0,普通攻击,0,0,普通攻击,0,0,技能1：ポイズンアロー,0,0,0,普通攻击,0,0,技能2：パラライズアロー,0,0,0,普通攻击,0,0,0,普通攻击,0,0,技能1：ポイズンアロー,0,0,0,普通攻击,0,0,技能2：パラライズアロー,0,0,0,普通攻击,0,0,0,普通攻击,0,0,技能1：ポイズンアロー,0,0,0,普通攻击,0,0,技能2：パラライズアロー,0,0,0,普通攻击,0,0,0,普通攻击,0,0,技能1：ポイズンアロー,0,0,0,普通攻击,0,0,技能2：パラライズアロー,0,0,0,普通攻击,0,0,0,普通攻击
129,チカ,0.0,0.0,0.0,0.0,0.0,0.0,技能1：チアーソング,0.0,0,技能2：フェアリーズララバイ,0,0,普通攻击,0,0,0,0,普通攻击,0,技能1：チアーソング,0,0,0,0,普通攻击,0,技能2：フェアリーズララバイ,0,0,0,0,0,普通攻击,0,0,0,普通攻击,0,0,技能1：チアーソング,0,0,0,普通攻击,0,0,技能2：フェアリーズララバイ,0,0,0,0,普通攻击,0,0,0,0,普通攻击,0,技能1：チアーソング,0,0,0,0,普通攻击,0,技能2：フェアリーズララバイ,0,0,0,0,0,普通攻击,0,0,0,普通攻击,0,技能1：チアーソング,0,0,0,0,普通攻击,0,0,技能2：フェアリーズララバイ,0,0,0,0,普通攻击
130,マホ（サマー）,0.0,0.0,0.0,0.0,0.0,0.0,技能2：マホマホサマーブロッサム,0.0,0,技能1：マホマホサマーフレンズ,0,普通攻击,0,0,0,普通攻击,0,0,技能2：マホマホサマーブロッサム,0,0,0,普通攻击,0,0,技能1：マホマホサマーフレンズ,0,0,0,普通攻击,0,技能2：マホマホサマーブロッサム,0,0,0,0,普通攻击,0,技能1：マホマホサマーフレンズ,0,0,0,普通攻击,0,0,0,0,普通攻击,0,技能2：マホマホサマーブロッサム,0,0,0,0,普通攻击,0,技能1：マホマホサマーフレンズ,0,0,0,普通攻击,0,技能2：マホマホサマーブロッサム,0,0,0,0,普通攻击,0,0,技能1：マホマホサマーフレンズ,0,0,0,普通攻击,0,0,0,普通攻击,0,技能2：マホマホサマーブロッサム,0,0,0,0,普通攻击,0,技能1：マホマホサマーフレンズ,0,0,0
131,マホ,0.0,0.0,0.0,0.0,0.0,0.0,技能2：マホマホダークネス,0.0,0,0,技能1：マホマホヒール,0,普通攻击,0,0,技能2：マホマホダークネス,0,0,0,0,普通攻击,0,0,0,0,普通攻击,0,技能1：マホマホヒール,0,0,0,0,普通攻击,0,技能2：マホマホダークネス,0,0,0,0,0,普通攻击,0,0,0,普通攻击,0,0,技能2：マホマホダークネス,0,0,0,0,普通攻击,0,0,0,0,普通攻击,0,技能1：マホマホヒール,0,0,0,0,普通攻击,0,技能2：マホマホダークネス,0,0,0,0,0,普通攻击,0,0,0,普通攻击,0,技能2：マホマホダークネス,0,0,0,0,0,普通攻击,0,0,0,0,普通攻击,0
132,ユイ,0.0,0.0,0.0,0.0,0.0,0.0,技能2：フローラルシールド,0.0,0,技能1：フラワーショット,0,0,普通攻击,0,0,0,普通攻击,0,0,技能2：フローラルシールド,0,0,0,0,普通攻击,0,技能1：フラワーショット,0,0,0,0,普通攻击,0,0,0,普通攻击,0,0,技能1：フラワーショット,0,0,0,0,普通攻击,0,0,0,普通攻击,0,技能2：フローラルシールド,0,0,0,0,普通攻击,0,0,技能1：フラワーショット,0,0,0,0,普通攻击,0,0,0,普通攻击,0,技能1：フラワーショット,0,0,0,0,普通攻击,0,0,0,0,普通攻击,0,技能2：フローラルシールド,0,0,0,0,普通攻击,0,技能1：フラワーショット,0,0,0
133,ユキ,0.0,0.0,0.0,0.0,0.0,0.0,技能1：ボクの目が眩む程の美しさ♪,0.0,0,技能2：可愛いボクが応援するよ♪,0,0,普通攻击,0,技能1：ボクの目が眩む程の美しさ♪,0,0,0,0,普通攻击,0,技能2：可愛いボクが応援するよ♪,0,0,0,0,普通攻击,0,技能1：ボクの目が眩む程の美しさ♪,0,0,0,0,普通攻击,0,技能2：可愛いボクが応援するよ♪,0,0,0,0,普通攻击,0,技能1：ボクの目が眩む程の美しさ♪,0,0,0,0,普通攻击,0,技能2：可愛いボクが応援するよ♪,0,0,0,0,普通攻击,0,技能1：ボクの目が眩む程の美しさ♪,0,0,0,0,普通攻击,0,技能2：可愛いボクが応援するよ♪,0,0,0,0,普通攻击,0,技能1：ボクの目が眩む程の美しさ♪,0,0,0,0,普通攻击,0,技能2：可愛いボクが応援するよ♪,0,0,0,普通攻击,0,0,技能1：ボクの目が眩む程の美しさ♪,0,0,0,0,普通攻击,0
134,ユニ,0.0,0.0,0.0,0.0,0.0,0.0,技能1：豪傑生成概論,0.0,技能2：緩衝因子探求,0,普通攻击,0,技能1：豪傑生成概論,0,0,0,普通攻击,0,0,技能2：緩衝因子探求,0,0,0,普通攻击,0,0,0,普通攻击,0,0,技能1：豪傑生成概論,0,0,0,普通攻击,0,技能2：緩衝因子探求,0,0,0,普通攻击,0,0,0,普通攻击,0,0,技能1：豪傑生成概論,0,0,0,普通攻击,0,技能2：緩衝因子探求,0,0,0,普通攻击,0,0,0,0,普通攻击,0,技能1：豪傑生成概論,0,0,0,普通攻击,0,技能2：緩衝因子探求,0,0,0,普通攻击,0,0,0,0,普通攻击,0,技能1：豪傑生成概論,0,0,0,普通攻击,0,0,技能2：緩衝因子探求,0,0
135,キョウカ,0.0,0.0,0.0,0.0,0.0,0.0,技能2：マジックブースト,0.0,0,技能1：アイスランス,0,0,普通攻击,0,技能2：マジックブースト,0,技能1：アイスランス,0,0,0,0,普通攻击,0,技能2：マジックブースト,0,0,技能1：アイスランス,0,0,0,0,普通攻击,0,0,0,普通攻击,0,技能2：マジックブースト,0,技能1：アイスランス,0,0,0,0,普通攻击,0,技能2：マジックブースト,0,0,技能1：アイスランス,0,0,0,0,普通攻击,0,技能2：マジックブースト,0,技能1：アイスランス,0,0,0,0,普通攻击,0,0,0,普通攻击,0,技能2：マジックブースト,0,0,技能1：アイスランス,0,0,0,0,普通攻击,0,技能2：マジックブースト,0,技能1：アイスランス,0,0,0,0,普通攻击,0,技能2：マジックブースト,0,0
136,ミサキ（ハロウィン）,0.0,0.0,0.0,0.0,0.0,0.0,技能2：ハロウィンブースト,0.0,0,技能1：レディマジック,0,普通攻击,0,0,0,普通攻击,0,技能2：ハロウィンブースト,0,0,0,普通攻击,0,技能1：レディマジック,0,0,0,0,普通攻击,0,技能2：ハロウィンブースト,0,技能1：レディマジック,0,0,0,普通攻击,0,0,0,普通攻击,0,技能2：ハロウィンブースト,0,0,0,普通攻击,0,0,技能1：レディマジック,0,0,0,普通攻击,0,技能2：ハロウィンブースト,0,技能1：レディマジック,0,0,0,普通攻击,0,0,0,普通攻击,0,技能2：ハロウィンブースト,0,0,0,0,普通攻击,0,技能1：レディマジック,0,0,0,普通攻击,0,技能2：ハロウィンブースト,0,技能1：レディマジック,0,0,0,普通攻击,0,0,0,普通攻击
137,キョウカ（ハロウィン）,0.0,0.0,0.0,0.0,0.0,0.0,技能2：マジカルトリート,0.0,0,技能1：マジカルトリック,0,普通攻击,0,0,0,普通攻击,0,技能2：マジカルトリート,0,0,0,普通攻击,0,技能1：マジカルトリック,0,0,0,0,普通攻击,0,0,0,普通攻击,0,技能2：マジカルトリート,0,0,0,普通攻击,0,技能1：マジカルトリック,0,0,0,普通攻击,0,0,0,普通攻击,0,技能2：マジカルトリート,0,0,0,0,普通攻击,0,技能1：マジカルトリック,0,0,0,普通攻击,0,0,0,普通攻击,0,技能2：マジカルトリート,0,0,0,普通攻击,0,技能1：マジカルトリック,0,0,0,0,普通攻击,0,0,0,普通攻击,0,技能2：マジカルトリート,0,0,0,普通攻击,0,技能1：マジカルトリック
